JobNumber,Customer,State,City,,,
1279644,Charter,AL,BIRMINGHAM,,,
4333721,Charter,MI,SANFORD,,,
3551666,Charter,SC,CAMPOBELLO,,,
2384512,Charter,KY,LOUISVILLE,,,
2555333,Charter,NC,ANGIER,,,
4599640,Charter,IN,GEORGETOWN,,,
4534018,Charter,TX,HURST,,,
3653838,Charter,TX,MCKINNEY,,,
4489973,Charter,NC,WEAVERVILLE,,,
4565699,Charter,NC,RURAL HALL,,,
3506079,Charter,OH,WORTHINGTON,,,
4539922,Charter,MO,KANSAS CITY,,,
4617656,Charter,NC,RICHLANDS,,,
4637392,Charter,MN,FARMINGTON,,,
3858905,Charter,TX,KYLE,,,
4574838,Charter,TX,LEWISVILLE,,,
4468739,Charter,TX,AUSTIN,,,
4524822,Charter,TX,KYLE,,,
4590945,Charter,VA,CANA,,,
4624900,Charter,TX,WACO,,,
4634127,Charter,FL,WINTER GARDEN,,,
4654668,Charter,WY,FE WARREN AFB,,,
4573439,Charter,TX,WACO,,,
4660553,Charter,MO,ARNOLD,,,
4590657,Charter,FL,BELLEVIEW,,,
4665138,Charter,CA,BAKERSFIELD,,,
4602559,Charter,TX,WEATHERFORD,,,
4619080,Charter,FL,PALM COAST,,,
4639261,Charter,NC,SELMA,,,
4624309,Charter,TX,WACO,,,
4493729,Charter,TX,SPICEWOOD,,,
4668244,Charter,OH,EATON,,,
4555685,Charter,AL,MONTGOMERY,,,
4167250,Charter,FL,ALTAMONTE SPRINGS,,,
4628528,Charter,NC,CHINQUAPIN,,,
4528965,Charter,TX,KYLE,,,
4575618,Charter,TX,MC DADE,,,
4647763,Charter,TX,TEMPLE,,,
4641759,Charter,TX,ORANGE,,,
4669417,Charter,NY,SODUS,,,
4601431,Charter,TX,FORT WORTH,,,
4670630,Charter,MO,ARNOLD,,,
4640662,Charter,FL,NEW PORT RICHEY,,,
4489286,Charter,KY,TAYLORSVILLE,,,
4528947,Charter,NY,FLUSHING,,,
4624676,Charter,NC,BEULAVILLE,,,
4613642,Charter,NC,MAGGIE VALLEY,,,
3650277,Charter,FL,RIVERVIEW,,,
4634324,Charter,SC,MARION,,,
4565869,Charter,NC,MOCKSVILLE,,,
4622824,Charter,FL,BROOKSVILLE,,,
4666785,Charter,NY,NEW YORK,,,
4528324,Charter,OH,LOVELAND,,,
4548584,Charter,NE,LINCOLN,,,
4615770,Charter,NC,MAGGIE VALLEY,,,
4598419,Charter,OH,DAYTON,,,
4632688,Charter,MN,NORTHFIELD,,,
4601487,Charter,NC,ASHEVILLE,,,
4594980,Charter,TX,SPICEWOOD,,,
4612916,Charter,GA,COMER,,,
4631256,Charter,SC,LANDRUM,,,
4593617,Charter,KY,LOUISVILLE,,,
4575728,Charter,SC,HARTSVILLE,,,
4593832,Charter,OH,DAYTON,,,
4633449,Charter,NC,MOUNT OLIVE,,,
4637443,Charter,NC,HOLLY SPRINGS,,,
4618900,Charter,NC,WAYNESVILLE,,,
4599580,Charter,OH,DAYTON,,,
4582418,Charter,NC,WEAVERVILLE,,,
4621997,Charter,NC,ELIZABETH CITY,,,
4598313,Charter,TN,MANCHESTER,,,
4632485,Charter,NC,SNEADS FERRY,,,
4623602,Charter,CO,DURANGO,,,
4627867,Charter,NC,ASHEVILLE,,,
4589475,Charter,GA,STOCKBRIDGE,,,
3013696,Charter,OH,ZANESVILLE,,,
4597377,Charter,AL,BOAZ,,,
4546956,Charter,OH,COLDWATER,,,
4523311,Charter,FL,DADE CITY,,,
4611468,Charter,NC,BEULAVILLE,,,
4617500,Charter,SC,LANDRUM,,,
4577246,Charter,SC,INMAN,,,
4564931,Charter,GA,STOCKBRIDGE,,,
4521726,Charter,GA,HAMPTON,,,
4623810,Charter,TN,PINEY FLATS,,,
4603377,Charter,NC,PFAFFTOWN,,,
4520973,Charter,FL,SAINT PETERSBURG,,,
4662215,Charter,AL,STERRETT,,,
4545987,Charter,KY,LOUISVILLE,,,
4536602,Charter,OH,MECHANICSBURG,,,
4564978,Charter,GA,ATHENS,,,
4600035,Charter,TN,JOHNSON CITY,,,
4598384,Charter,TN,TULLAHOMA,,,
4621702,Charter,NY,MOUNT VERNON,,,
4186990,Charter,MO,FARMINGTON,,,
4594042,Charter,NC,MAGGIE VALLEY,,,
4589396,Charter,GA,ELLENWOOD,,,
4571632,Charter,SC,LIBERTY,,,
4217437,Charter,SC,LANDRUM,,,
4617425,Charter,TN,PINEY FLATS,,,
4622767,Charter,TN,SHELBYVILLE,,,
4523456,Charter,SC,LANDRUM,,,
4582985,Charter,OH,NEW WESTON,,,
4665219,Charter,CA,BAKERSFIELD,,,
4615802,Charter,TX,ROCKPORT,,,
4500892,Charter,SC,GREER,,,
4668751,Charter,TX,SOCORRO,,,
4665187,Charter,CA,TEHACHAPI,,,
4537978,Charter,AL,UNION GROVE,,,
4561672,Charter,GA,COLUMBUS,,,
4039350,Charter,NM,ANTHONY,,,
4522059,Charter,NC,CANDLER,,,
4636353,Charter,TN,PINEY FLATS,,,
4621620,Charter,CA,BAKERSFIELD,,,
4461315,Charter,TX,SMITHVILLE,,,
4500518,Charter,TN,MANCHESTER,,,
3982955,Charter,OH,PATASKALA,,,
4599678,Charter,TX,SUNSET VALLEY,,,
4420735,Charter,NC,CANDLER,,,
4642806,Charter,TX,SILSBEE,,,
4651008,Charter,NY,NEW YORK,,,
4648354,Charter,TX,WICHITA FALLS,,,
4598367,Charter,TX,PHARR,,,
3766052,Charter,TX,DILLEY,,,
4074327,Charter,GA,COLUMBUS,,,
4651565,Charter,TX,HUTTO,,,
4587221,Charter,TX,CEDAR HILL,,,
4067817,Charter,AL,BOAZ,,,
4506882,Charter,TX,HIGHLAND VILLAGE,,,
4645995,Charter,GA,FRANKLIN,,,
4482174,Charter,TX,SAN MARCOS,,,
4640960,Charter,TX,DALLAS,,,
4587105,Charter,NC,LEICESTER,,,
4640932,Charter,TX,DALLAS,,,
4624520,Charter,TX,LUMBERTON,,,
4601525,Charter,NC,CLYDE,,,
4633957,Charter,TX,PLANO,,,
4519086,Charter,SC,INMAN,,,
4573376,Charter,OH,AMELIA,,,
4521145,Charter,TX,DALLAS,,,
4657662,Charter,TX,ORANGE,,,
4582438,Charter,TX,SAN ANTONIO,,,
4598350,Charter,TN,TULLAHOMA,,,
4611662,Charter,NC,WAYNESVILLE,,,
4606580,Charter,TX,DALLAS,,,
4563995,Charter,SC,GAFFNEY,,,
4611898,Charter,SC,LIBERTY,,,
4545876,Charter,GA,SENOIA,,,
4662284,Charter,TN,TULLAHOMA,,,
4612717,Charter,TN,PALMER,,,
4488091,Charter,NC,LEICESTER,,,
4606646,Charter,TX,AUSTIN,,,
2698910,Charter,OH,MIAMISBURG,,,
4288592,Charter,TX,LAREDO,,,
4562517,Charter,TX,FRISCO,,,
4556877,Charter,TX,HIGHLAND VILLAGE,,,
3616331,Charter,TX,EDINBURG,,,
4616084,Charter,TX,EL PASO,,,
4617540,Charter,MO,WENTZVILLE,,,
4555515,Charter,ME,BAR HARBOR,,,
4294966,Charter,WI,WISCONSIN RAPIDS,,,
4618496,Charter,MI,PENTWATER,,,
4623510,Charter,SC,MURRELLS INLET,,,
4641680,Charter,NC,LOUISBURG,,,
4452095,Charter,WI,WISCONSIN RAPIDS,,,
4647933,Charter,NY,ROME,,,
4295601,Charter,NY,GOSHEN,,,
4126986,Charter,NY,SYRACUSE,,,
4650322,Charter,PA,GREENVILLE,,,
4546359,Charter,WI,MIDDLETON,,,
4597863,Charter,MI,HOWARD CITY,,,
4650055,Charter,NH,HOLLIS,,,
4648477,Charter,NY,WARRENSBURG,,,
4538230,Charter,NY,DELEVAN,,,
4690294,Charter,OH,MONCLOVA,,,
4632822,Charter,WY,GILLETTE,,,
4627641,Charter,SC,IVA,,,
4690194,Charter,NY,MALONE,,,
4618853,Charter,NC,GREENSBORO,,,
4571186,Charter,FL,CLEARWATER,,,
4663008,Charter,NY,MALONE,,,
4171093,Charter,TX,LAREDO,,,
4582288,Charter,TX,HARLINGEN,,,
4650196,Charter,NY,CICERO,,,
4542640,Charter,ME,BUXTON,,,
4660515,Charter,NY,GROTON,,,
4685875,Charter,ME,PITTSFIELD,,,
4052010,Charter,NY,SYRACUSE,,,
4440041,Charter,NY,ALBANY,,,
3868777,Charter,TX,MERCEDES,,,
4611692,Charter,MI,MEARS,,,
4576213,Charter,TX,LAREDO,,,
4538988,Charter,FL,FLORAL CITY,,,
3295497,Charter,ME,BEALS,,,
4671854,Charter,NY,ALBANY,,,
4580338,Charter,SC,FLORENCE,,,
4535391,Charter,MN,BRAINERD,,,
4662120,Charter,MI,PORTAGE,,,
4685279,Charter,NY,AMHERST,,,
3971734,Charter,NY,SHERMAN,,,
4687223,Charter,ME,CLINTON,,,
4480367,Charter,ME,BANGOR,,,
4280814,Charter,FL,SATELLITE BEACH,,,
1821938,Charter,NY,LIVERPOOL,,,
3303084,Charter,MI,CLIO,,,
4681547,Charter,NY,MIDDLETOWN,,,
4675302,Charter,TX,AUSTIN,,,
4649963,Charter,MI,KALAMAZOO,,,
3830334,Charter,ME,SABATTUS,,,
4690364,Charter,OH,NORTH CANTON,,,
4602153,Charter,LA,BUSH,,,
4396744,Charter,FL,RIVERVIEW,,,
4652239,Charter,MI,LINWOOD,,,
4695783,Charter,TX,EDINBURG,,,
4699293,Charter,NH,RUMNEY,,,
4676998,Charter,NY,WILLIAMSVILLE,,,
1719442,Charter,NH,RANDOLPH,,,
4670242,Charter,NC,ASHEVILLE,,,
4621832,Charter,NY,NORTHVILLE,,,
4175638,Charter,OH,HILLIARD,,,
4674827,Charter,NY,WEST STOCKHOLM,,,
4578452,Charter,NC,SWANNANOA,,,
4676593,Charter,NY,CORINTH,,,
4583593,Charter,NC,CLYDE,,,
4562321,Charter,CA,INDIO,,,
4599345,Charter,OH,GALION,,,
4621144,Charter,NC,WAYNESVILLE,,,
4659282,Charter,NC,MAGGIE VALLEY,,,
4636528,Charter,CT,THOMPSON,,,
4575074,Charter,SC,GREENVILLE,,,
4661794,Charter,LA,MAUREPAS,,,
4173770,Charter,OH,COLUMBUS,,,
4622167,Charter,TX,ARLINGTON,,,
4468859,Charter,CA,VALENCIA,,,
4624262,Charter,NC,CLYDE,,,
4572776,Charter,LA,TICKFAW,,,
4680187,Charter,NC,WAYNESVILLE,,,
2205111,Charter,TN,BUTLER,,,
3656069,Charter,NC,LEICESTER,,,
4665986,Charter,NC,MOORESVILLE,,,
4242616,Charter,GA,SMYRNA,,,
4626854,Charter,NC,WAYNESVILLE,,,
4556897,Charter,CA,SAN BERNARDINO,,,
4287247,Charter,OH,BUCYRUS,,,
4621968,Charter,VA,FRANKLIN,,,
4522477,Charter,CA,INDIO,,,
1532119,Charter,SC,FORT MILL,,,
3405041,Charter,SC,COLUMBIA,,,
4659877,Charter,NC,HENRICO,,,
4619252,Charter,NC,MONROE,,,
4613465,Charter,NC,CANTON,,,
2157562,Charter,VA,CARROLLTON,,,
4587243,Charter,NC,SHELBY,,,
3552763,Charter,KY,ARJAY,,,
4552845,Charter,SC,LAURENS,,,
4634681,Charter,NC,CHARLOTTE,,,
4563811,Charter,NC,CAMERON,,,
4597005,Charter,NC,BURNSVILLE,,,
4651207,Charter,NC,LEXINGTON,,,
4655854,Charter,NC,MOUNT PLEASANT,,,
4639011,Charter,NC,NEWLAND,,,
4537052,Charter,CA,HUNTINGTON BEACH,,,
4618503,Charter,NC,LILLINGTON,,,
4606428,Charter,NC,ALBEMARLE,,,
4498606,Charter,CA,INDIO,,,
4683834,Charter,SC,SUMMERVILLE,,,
4649238,Charter,NC,STANLEY,,,
4618795,Charter,NC,MONROE,,,
4587873,Charter,NC,MONROE,,,
4543296,Charter,CA,SIMI VALLEY,,,
4567581,Charter,NC,BURLINGTON,,,
4632138,Charter,TX,DALLAS,,,
4657152,Charter,NC,EDEN,,,
1334600,Charter,NC,CHARLOTTE,,,
4637851,Charter,TX,GRAND PRAIRIE,,,
4634469,Charter,NC,MOORESVILLE,,,
4641282,Charter,TX,KELLER,,,
1410932,Charter,SC,FORT MILL,,,
2398322,Charter,NC,MONROE,,,
4299965,Charter,NC,FLETCHER,,,
2656983,Charter,NC,GASTONIA,,,
2057640,Charter,NC,CHARLOTTE,,,
4593587,Charter,NC,GASTONIA,,,
4637299,Charter,NC,CONCORD,,,
4645249,Charter,NC,GRAHAM,,,
4630913,Charter,VA,SUFFOLK,,,
4559319,Charter,NC,BURLINGTON,,,
1576375,Charter,NC,CHARLOTTE,,,
4505389,Charter,TX,DEL VALLE,,,
4574203,Charter,TX,GRAPEVINE,,,
3913651,Charter,TX,FLOWER MOUND,,,
4625037,Charter,TX,RIO GRANDE CITY,,,
3237458,Charter,TX,MISSION,,,
4292127,Charter,TX,CARROLLTON,,,
4575030,Charter,TX,MERCEDES,,,
4343930,Charter,TX,CARROLLTON,,,
4285116,Charter,TX,LEWISVILLE,,,
4627389,Charter,TX,BASTROP,,,
4650153,Charter,TX,AUSTIN,,,
4671885,Charter,TX,AUSTIN,,,
4669656,Charter,TX,VIDOR,,,
4683259,Charter,TX,WHITE SETTLEMENT,,,
4649465,Charter,TX,ARLINGTON,,,
4643042,Charter,TX,MESQUITE,,,
4583312,Charter,TX,DENTON,,,
4622753,Charter,TX,IRVING,,,
4608557,Charter,TX,DALLAS,,,
4656274,Charter,CA,PASADENA,,,
4572327,Charter,TX,AUSTIN,,,
4657405,Charter,TX,PLANO,,,
4691269,Charter,OH,CINCINNATI,,,
4645425,Charter,OH,SAINT PARIS,,,
4651422,Charter,OH,REYNOLDSBURG,,,
4704261,Charter,KY,JEFFERSONVILLE,,,
4608030,Charter,OH,PATASKALA,,,
4613117,Charter,TX,RED OAK,,,
4718847,Charter,TN,BLOUNTVILLE,,,
4709712,Charter,TX,AUSTIN,,,
4585107,Charter,TX,HIDALGO,,,
4704244,Charter,TX,WACO,,,
3694740,Charter,TX,CIBOLO,,,
4162029,Charter,TX,LAGO VISTA,,,
4578541,Charter,TX,DONNA,,,
3881619,Charter,TX,DENTON,,,
4692845,Charter,TN,HENRY,,,
3836213,Charter,GA,MORELAND,,,
4038217,Charter,TX,CARROLLTON,,,
4349337,Charter,TX,DALLAS,,,
4629092,Charter,TX,IRVING,,,
3760483,Charter,TX,DENTON,,,
4661790,Charter,MI,MIO,,,
4674023,Charter,WI,PALMYRA,,,
4701945,Charter,KS,OVERLAND PARK,,,
4663167,Charter,NY,CENTRAL SQUARE,,,
4441511,Charter,MO,O FALLON,,,
4653345,Charter,KS,OVERLAND PARK,,,
4661834,Charter,MI,DRYDEN,,,
3951848,Charter,OH,MINSTER,,,
4552988,Charter,WI,BERLIN,,,
4546135,Charter,MI,PETOSKEY,,,
4611799,Charter,NY,AFTON,,,
4716264,Charter,NY,APALACHIN,,,
4636201,Charter,WI,PALMYRA,,,
4181768,Charter,NY,LOWVILLE,,,
3955047,Charter,OH,KETTERING,,,
4519727,Charter,NY,CARTHAGE,,,
3725139,Charter,NY,ADAMS CENTER,,,
4310416,Charter,TN,COLUMBIA,,,
4573237,Charter,OH,BEAVERCREEK,,,
3633708,Charter,NY,CLAYTON,,,
4336398,Charter,AL,SEMINOLE,,,
3424333,Charter,TX,BROWNSVILLE,,,
4057048,Charter,AL,CULLMAN,,,
4265182,Charter,CA,WEST HOLLYWOOD,,,
4358635,Charter,TX,DALLAS,,,
4582568,Charter,TN,BOLIVAR,,,
4447273,Charter,CA,CALIFORNIA CITY,,,
4642766,Charter,AL,ENTERPRISE,,,
4650643,Charter,AL,GENEVA,,,
4214102,Charter,TX,CARROLLTON,,,
4552661,Charter,NY,ALBANY,,,
4317206,Charter,CA,LA HABRA,,,
4595722,Charter,OH,LEBANON,,,
4460634,Charter,AL,TRUSSVILLE,,,
4677109,Charter,LA,BUSH,,,
4624995,Charter,TX,MCKINNEY,,,
4609029,Charter,CA,CORONA DEL MAR,,,
3747472,Charter,CA,GARDEN GROVE,,,
4682917,Charter,TX,GRAND PRAIRIE,,,
4477230,Charter,CA,VICTORVILLE,,,
4573532,Charter,TX,ALLEN,,,
4570518,Charter,TX,BASTROP,,,
4659526,Charter,TX,PLANO,,,
4575379,Charter,AL,DORA,,,
4666582,Charter,TX,DALLAS,,,
4676632,Charter,KY,MIDDLESBORO,,,
4686547,Charter,KY,SOMERSET,,,
4688137,Charter,KY,NANCY,,,
4686251,Charter,WI,,,,
4609336,Charter,TX,COMMERCE,,,
3339578,Charter,TX,SPRING,,,
4641976,Charter,TX,SAN ELIZARIO,,,
4677742,Charter,TX,ROUND ROCK,,,
4609637,Charter,TX,FLOWER MOUND,,,
3855388,Charter,TX,EL PASO,,,
4192290,Charter,TX,DENTON,,,
3848448,Charter,TX,RIO GRANDE CITY,,,
4664594,Charter,MN,MONTICELLO,,,
4624754,Charter,MO,KANSAS CITY,,,
4693485,Charter,WI,MILWAUKEE,,,
4582440,Charter,KS,KANSAS CITY,,,
4648336,Charter,WI,UNION GROVE,,,
4664572,Charter,MO,ELDON,,,
4524468,Charter,MN,ELK RIVER,,,
4647010,Charter,WI,JOHNSON CREEK,,,
4533655,Charter,WI,HILBERT,,,
4606225,Charter,WI,MEDFORD,,,
4605618,Charter,WI,GREEN BAY,,,
4642572,Charter,WY,CHEYENNE,,,
4641107,Charter,CO,GRAND JUNCTION,,,
3902508,Charter,ID,RATHDRUM,,,
4696265,Charter,ID,HAYDEN,,,
4587005,Charter,CO,MONTROSE,,,
4690213,Charter,ID,HAYDEN LAKE,,,
4564855,Charter,WA,BENTON CITY,,,
4696049,Charter,CA,BAKERSFIELD,,,
4061637,Charter,CO,LEADVILLE,,,
4685099,Charter,CA,BAKERSFIELD,,,
4645130,Charter,CA,BAKERSFIELD,,,
4648883,Charter,TX,DUNCANVILLE,,,
4633983,Charter,TX,MCKINNEY,,,
4592202,Charter,TX,GARLAND,,,
4619277,Charter,TX,MESQUITE,,,
4509292,Charter,TX,RED OAK,,,
4531309,Charter,TX,LEANDER,,,
4570325,Charter,TX,DALE,,,
4579181,Charter,TX,MESQUITE,,,
4391763,Charter,TX,BROWNSVILLE,,,
4685639,Charter,TX,FARMERSVILLE,,,
4638045,Charter,TX,DALLAS,,,
3910860,Charter,TX,AUSTIN,,,
4571791,Charter,TX,CORPUS CHRISTI,,,
4446003,Charter,TX,FORT WORTH,,,
3973899,Charter,TX,FORT WORTH,,,
4606665,Charter,TX,GARLAND,,,
4629235,Charter,TX,KOUNTZE,,,
4662312,Charter,TX,MESQUITE,,,
4658601,Charter,TX,MESQUITE,,,
4627642,Charter,TX,KENNEDALE,,,
4301126,Charter,WI,GREEN BAY,,,
4613653,Charter,WI,FISH CREEK,,,
4639934,Charter,NC,MONROE,,,
4581383,Charter,WI,STURGEON BAY,,,
4442901,Charter,WI,MARSHFIELD,,,
4393338,Charter,MO,SULLIVAN,,,
4678040,Charter,NC,HUNTERSVILLE,,,
4622134,Charter,NC,GREENSBORO,,,
4714071,Charter,WI,MILWAUKEE,,,
4638592,Charter,WI,FOUNTAIN CITY,,,
4681004,Charter,MI,FENTON,,,
4656389,Charter,WA,PROSSER,,,
4579898,Charter,NC,FUQUAY VARINA,,,
4644856,Charter,NC,GREENSBORO,,,
4639540,Charter,SC,GAFFNEY,,,
4590963,Charter,FL,BROOKSVILLE,,,
4657562,Charter,SC,GAFFNEY,,,
4514863,Charter,TX,AUSTIN,,,
4471129,Charter,WI,HOLMEN,,,
4396703,Charter,KY,STANFORD,,,
4491083,Charter,AL,HOLLY POND,,,
4548683,Charter,FL,WILDWOOD,,,
3904856,Charter,MN,ELK RIVER,,,
4047126,Charter,AL,GUNTERSVILLE,,,
4669287,Charter,WA,PROSSER,,,
4601443,Charter,AL,ALBERTVILLE,,,
4601804,Charter,KY,LONDON,,,
4559255,Charter,NC,WAYNESVILLE,,,
4623655,Charter,AL,TRUSSVILLE,,,
4645639,Charter,KS,OVERLAND PARK,,,
4644919,Charter,NC,GREENSBORO,,,
4688139,Charter,MO,FLORISSANT,,,
4691120,Charter,MO,SULLIVAN,,,
4556430,Charter,SC,COWPENS,,,
4548455,Charter,NC,LEICESTER,,,
4247857,Charter,MI,HARRISON,,,
4379150,Charter,MN,OTSEGO,,,
4650735,Charter,MO,NORTH KANSAS CITY,,,
4571841,Charter,MO,BRIDGETON,,,
4715522,Charter,WV,CLARKSBURG,,,
3910089,Charter,ME,BANGOR,,,
4662927,Charter,NE,LINCOLN,,,
4650550,Charter,CO,GRAND JUNCTION,,,
4622176,Charter,NC,MARSHVILLE,,,
4606608,Charter,WI,STURGEON BAY,,,
4644370,Charter,CA,BAKERSFIELD,,,
4708023,Charter,LA,PEARL RIVER,,,
2529317,Charter,AL,JASPER,,,
4577693,Charter,SC,GAFFNEY,,,
4509895,Charter,WI,GERMANTOWN,,,
4613984,Charter,NC,ASHEVILLE,,,
4627991,Charter,MI,CLIO,,,
4627942,Charter,AL,ARAB,,,
4449158,Charter,WI,LA CROSSE,,,
4698534,Charter,MO,SAINT LOUIS,,,
4643004,Charter,AL,CULLMAN,,,
4618201,Charter,NC,ALEXANDER,,,
4627673,Charter,CO,GRAND JUNCTION,,,
4554143,Charter,TX,HUTCHINS,,,
4584809,Charter,OH,ATWATER,,,
4600355,Charter,CO,FRUITA,,,
2624210,Charter,TN,CLARKSVILLE,,,
4647931,Charter,NY,MOOERS FORKS,,,
4615686,Charter,TX,PLANO,,,
4662672,Charter,MT,KALISPELL,,,
4334080,Charter,CA,AVENAL,,,
4236484,Charter,TN,BRISTOL,,,
4592293,Charter,AL,HOLLY POND,,,
4637243,Charter,TX,EL PASO,,,
4442856,Charter,GA,CISCO,,,
4673667,Charter,MT,HELENA,,,
4078306,Charter,AL,BOAZ,,,
4592677,Charter,TN,WAYNESBORO,,,
4650518,Charter,TX,EL PASO,,,
4708590,Charter,LA,SLIDELL,,,
4639210,Charter,TX,FORT WORTH,,,
4646433,Charter,TX,FORT WORTH,,,
4618612,Charter,TX,SPRINGTOWN,,,
4636419,Charter,TX,FORT WORTH,,,
4649383,Charter,TX,DENTON,,,
4659543,Charter,TX,FORT WORTH,,,
4540580,Charter,TX,MCKINNEY,,,
3818738,Charter,TX,NEW BRAUNFELS,,,
4655472,Charter,TX,ARLINGTON,,,
4632623,Charter,TX,WICHITA FALLS,,,
4231908,Charter,SC,LITTLE RIVER,,,
3899750,Charter,FL,LARGO,,,
4642256,Charter,MO,HAZELWOOD,,,
4721251,Charter,FL,WILDWOOD,,,
4631590,Charter,SC,GILBERT,,,
4391294,Charter,NY,FORT JOHNSON,,,
4651186,Charter,NC,CHARLOTTE,,,
3875709,Charter,NY,GENEVA,,,
4706878,Charter,NY,HARPURSVILLE,,,
3529961,Charter,NY,ROCHESTER,,,
4652577,Charter,WA,KENNEWICK,,,
4648329,Charter,NY,ROCHESTER,,,
4681791,Charter,NY,BROOKLYN,,,
4716831,Charter,CA,BAKERSFIELD,,,
4644187,Charter,NY,BUFFALO,,,
4720758,Charter,TN,SELMER,,,
4649143,Charter,OH,CHILLICOTHE,,,
4602631,Charter,SC,GAFFNEY,,,
4652565,Charter,TN,CRUMP,,,
4581685,Charter,LA,EUNICE,,,
4621115,Charter,SC,GAFFNEY,,,
4537714,Charter,SC,GAFFNEY,,,
4613684,Charter,NC,ARDEN,,,
4696495,Charter,NY,GLENS FALLS,,,
4699075,Charter,NY,TROY,,,
4639698,Charter,KY,,,,
3502117,Charter,OH,,,,
4692955,Charter,OH,,,,
4656236,Charter,OH,,,,
4586362,Charter,KY,,,,
4634183,Charter,FL,,,,
4658344,Charter,OH,,,,
4598443,Charter,OH,,,,
4660187,Charter,FL,,,,
4682805,Charter,NC,,,,
2966723,Charter,,,,,
4674519,Charter,NC,,,,
4665274,Charter,NC,,,,
4556291,Charter,NC,,,,
3875897,Charter,OH,,,,
4596569,Charter,NC,,,,
4650945,Charter,KY,,,,
3713727,Charter,,,,,
3342262,Charter,OH,,,,
4671848,Charter,OH,,,,
3867508,Charter,IN,,,,
4634317,Charter,IN,,,,
4652866,Charter,KY,,,,
2589027,Charter,OH,,,,
4528552,Charter,KY,,,,
4571177,Charter,KY,,,,
4068415,Charter,FL,,,,
4722709,Charter,FL,,,,
3645575,Charter,FL,,,,
4606501,Charter,FL,,,,
4663986,Charter,FL,,,,
4677569,Charter,NC,,,,
4026942,Charter,,,,,
4579389,Charter,CO,,,,
4609608,Charter,CO,,,,
4697793,Charter,MO,,,,
4681790,Charter,NY,,,,
4695991,Charter,NY,,,,
4648626,Charter,NY,,,,
4614726,Charter,CO,,,,
4660195,Charter,NY,,,,
4672017,Charter,NY,,,,
3862207,Charter,WI,,,,
4522770,Charter,CO,,,,
4640538,Charter,NY,,,,
4690140,Charter,ME,,,,
4616939,Charter,ME,,,,
4666362,Charter,NY,,,,
4645286,Charter,NC,,,,
4661483,Charter,NC,,,,
4674134,Charter,NC,,,,
4688690,Charter,NC,,,,
4647429,Charter,NC,,,,
4645472,Charter,NC,,,,
4641216,Charter,NC,,,,
4646645,Charter,NC,,,,
4672051,Charter,NC,,,,
4594808,Charter,,,,,
4522092,Charter,NC,,,,
4671910,Charter,NC,,,,
4585359,Charter,NC,,,,
4094933,Charter,,,,,
2426681,Charter,NC,,,,
3910876,Charter,NC,,,,
4494012,Charter,OH,,,,
1510291,Charter,NC,,,,
4710890,Charter,NC,,,,
4684176,Charter,KY,,,,
3841927,Charter,NC,,,,
4636318,Charter,OH,,,,
3422081,Charter,TX,,,,
4689356,Charter,,,,,
4712203,Charter,OH,,,,
4541863,Charter,TX,,,,
4677844,Charter,FL,,,,
4650246,Charter,FL,,,,
4634950,Charter,FL,,,,
4646730,Charter,FL,,,,
4726439,Charter,FL,,,,
4612046,Charter,FL,,,,
4607883,Charter,FL,,,,
4611602,Charter,FL,,,,
4636571,Charter,FL,,,,
4674325,Charter,GA,,,,
4673837,Charter,GA,,,,
4693819,Charter,LA,,,,
4702867,Charter,LA,,,,
4698785,Charter,LA,,,,
4685563,Charter,MN,,,,
4672159,Charter,TX,,,,
3726522,Charter,WI,,,,
4682948,Charter,WI,,,,
4673952,Charter,WI,,,,
4694945,Charter,WI,,,,
4679116,Charter,AL,,,,
4693673,Charter,FL,,,,
4627315,Charter,FL,,,,
4290870,Charter,FL,,,,
4572052,Charter,FL,,,,
4681425,Charter,FL,,,,
3997341,Charter,FL,,,,
4684671,Charter,GA,,,,
4700195,Charter,MN,,,,
4580802,Charter,MO,,,,
4691167,Charter,MO,,,,
4491142,Charter,MO,,,,
4549281,Charter,NE,,,,
4656492,Charter,TN,,,,
4664653,Charter,TN,,,,
4681723,Charter,TX,,,,
4730416,Charter,TX,,,,
4674917,Charter,WI,,,,
4714313,Charter,WI,,,,
4592192,Charter,WI,,,,
4677023,Charter,FL,,,,
4641756,Charter,FL,,,,
4671483,Charter,LA,,,,
4703408,Charter,LA,,,,
4684974,Charter,SC,,,,
4669264,Charter,SC,,,,
4692885,Charter,TX,,,,
4631660,Charter,TX,,,,
4649617,Charter,WI,,,,
4694934,Charter,WI,,,,
4540566,Charter,ME,FORT KENT,,,
4584939,Charter,ME,CARMEL,,,
4720978,Charter,ME,WELLS,,,
4692594,Charter,ME,RUMFORD,,,
4681314,Charter,NY,CHITTENANGO,,,
4686640,Charter,NY,SOUTH BETHLEHEM,,,
4678290,Charter,ME,LIMINGTON,,,
4628062,Charter,NY,AVOCA,,,
4625580,Charter,ME,BETHEL,,,
4730766,Charter,NY,EAST SYRACUSE,,,
4273772,Charter,ME,SOUTHWEST HARBOR,,,
3892599,Charter,ME,HANCOCK,,,
4656265,Charter,WA,COLVILLE,,,
4603193,Charter,NY,LAKE LUZERNE,,,
4200189,Charter,CO,DURANGO,,,
4720184,Charter,CA,MC FARLAND,,,
JB0000861946 - W15,ATX,TN,,,,
JB0001270070,ATX,MI,,,,
3982576,Charter,WY,GILLETTE,,,
4657548,Charter,NC,PITTSBORO,,,
4612274,Charter,SC,FLORENCE,,,
4657495,Charter,MT,MISSOULA,,,
4732998,Charter,MN,APPLE VALLEY,,,
3155997,Charter,ME,CHERRYFIELD,,,
4701050,Charter,WY,MILLS,,,
4003334,Charter,SC,MYRTLE BEACH,,,
4562404,Charter,TX,WICHITA FALLS,,,
4730541,Charter,NC,LELAND,,,
4506717,Charter,TN,COOKEVILLE,,,
4687140,Charter,MA,GREAT BARRINGTON,,,
4701023,Charter,WY,CASPER,,,
4662075,Charter,AL,OPELIKA,,,
4682321,Charter,NY,BUFFALO,,,
4690794,Charter,TX,ARLINGTON,,,
4362767,Charter,SC,FLORENCE,,,
4645642,Charter,SC,CONWAY,,,
4290599,Charter,GA,ATHENS,,,
4705576,Charter,NY,NORTHVILLE,,,
4680965,Charter,GA,JACKSON,,,
4583759,Charter,FL,ZEPHYRHILLS,,,
4691662,Charter,AL,FYFFE,,,
4598551,Charter,TN,CENTERVILLE,,,
4702646,Charter,WY,CASPER,,,
4162813,Charter,TX,ARLINGTON,,,
4669157,Charter,TX,BURLESON,,,
4649707,Charter,GA,CATAULA,,,
4563845,Charter,SC,WOODRUFF,,,
4608201,Charter,TX,EL PASO,,,
4144858,Charter,NC,ABERDEEN,,,
4624515,Charter,TX,LIBERTY HILL,,,
4076315,Charter,AL,ALABASTER,,,
4584493,Charter,TN,CYPRESS INN,,,
4583210,Charter,TX,LEANDER,,,
4674976,Charter,TN,TULLAHOMA,,,
4662612,Charter,AL,TALLASSEE,,,
3193056,Charter,AL,TALLASSEE,,,
3866105,Charter,TX,SOUTHLAKE,,,
4635647,Charter,GA,GAINESVILLE,,,
4668357,Charter,TN,SHELBYVILLE,,,
4004301,Charter,SC,GRAY COURT,,,
4506258,Charter,TX,AUSTIN,,,
4612599,Charter,TX,MIDLOTHIAN,,,
3818240,Charter,MT,BIGFORK,,,
3677174,Charter,AL,ALABASTER,,,
4633573,Charter,TX,CEDAR HILL,,,
2930959,Charter,NC,RALEIGH,,,
4735455,Charter,TX,AUSTIN,,,
4724452,Charter,TX,WOODWAY,,,
4412981,Charter,TX,SAN MARCOS,,,
4548188,Charter,AL,HANCEVILLE,,,
4684390,Charter,TX,FORT WORTH,,,
4556584,Charter,TX,MARTINDALE,,,
4671669,Charter,TX,LAREDO,,,
4657637,Charter,TX,VOLENTE,,,
4643291,Charter,SC,GRAY COURT,,,
4518823,Charter,TN,CROSSVILLE,,,
4575265,Charter,GA,MADISON,,,
4603848,Charter,TX,DALE,,,
4398693,Charter,VA,ONLEY,,,
4548061,Charter,AL,BLOUNTSVILLE,,,
4668479,Charter,TX,ROCKPORT,,,
3895978,Charter,GA,COVINGTON,,,
4613474,Charter,NC,MILTON,,,
4647835,Charter,NC,SELMA,,,
4665630,Charter,TX,PORT O CONNOR,,,
4718451,Charter,TX,RED OAK,,,
3040939,Charter,NC,CARY,,,
4638777,Charter,GA,HAMPTON,,,
4412756,Charter,TN,LEWISBURG,,,
4696099,Charter,TX,HEWITT,,,
4650423,Charter,NC,WILLOW SPRING,,,
4612901,Charter,TX,MARTINDALE,,,
4727758,Charter,TX,AUSTIN,,,
4517595,Charter,TX,AUSTIN,,,
4610164,Charter,TX,SPRING,,,
3048422,Charter,SC,ORANGEBURG,,,
4725048,Charter,NC,SHANNON,,,
4656742,Charter,TN,ROAN MOUNTAIN,,,
1282796,Charter,SC,SUMTER,,,
4583519,Charter,NC,DURHAM,,,
4669559,Charter,NC,ALBEMARLE,,,
4438766,Charter,SC,HARTSVILLE,,,
4690258,Charter,NC,RALEIGH,,,
4464140,Charter,NC,WILSON,,,
4690196,Charter,NC,LUMBERTON,,,
4314296,Charter,NC,BROADWAY,,,
4659759,Charter,NC,WAKE FOREST,,,
4645914,Charter,NC,BURLINGTON,,,
4491143,Charter,NC,CARY,,,
4622300,Charter,NC,WILSON,,,
4594515,Charter,MD,MARION,,,
1219214,Charter,SC,ELGIN,,,
2137575,Charter,SC,IRMO,,,
4713777,Charter,SC,MYRTLE BEACH,,,
4646058,Charter,NC,ROCKWELL,,,
4683767,Charter,NC,SANFORD,,,
3357391,Charter,SC,PELZER,,,
1214897,Charter,SC,COLUMBIA,,,
1168043,Charter,SC,PELION,,,
2625972,Charter,SC,WEST COLUMBIA,,,
4694314,Charter,TN,MORRISTOWN,,,
3445249,Charter,CO,TELLURIDE,,,
1188829,Charter,SC,COLUMBIA,,,
4000661,Charter,TN,THOMPSONS STATION,,,
722272,Charter,SC,WEDGEFIELD,,,
4641625,Charter,NC,MEBANE,,,
1188564,Charter,SC,LEXINGTON,,,
722771,Charter,SC,SUMTER,,,
4713446,Charter,TN,BLUFF CITY,,,
4557167,Charter,NC,RALEIGH,,,
2604030,Charter,TN,RUTLEDGE,,,
4626777,Charter,SC,LITTLE RIVER,,,
4410600,Charter,NC,ANGIER,,,
4594055,Charter,AL,KELLYTON,,,
4650418,Charter,TX,SAN ANTONIO,,,
4321083,Charter,TX,OLMITO,,,
4607005,Charter,TX,SCHERTZ,,,
4612831,Charter,TX,DALLAS,,,
4672221,Charter,TX,BOERNE,,,
4681077,Charter,TX,KYLE,,,
4668512,Charter,TX,MIDLOTHIAN,,,
3837073,Charter,TX,ROCKPORT,,,
4665053,Charter,TX,AUSTIN,,,
4615852,Charter,TX,HUTTO,,,
4242033,Charter,TX,SPICEWOOD,,,
4718487,Charter,TX,ROCKWALL,,,
4616185,Charter,TX,RED OAK,,,
4666516,Charter,TX,DALLAS,,,
4689356,Charter,WA,OCEAN PARK,,,
4660599,Charter,WI,SUPERIOR,,,
4505606,Charter,ME,PALERMO,,,
4590786,Charter,NH,MOULTONBOROUGH,,,
4738079,Charter,NY,VICTOR,,,
4665896,Charter,SC,CORDOVA,,,
4695617,Charter,TX,WACO,,,
4504184,Charter,NC,GREENSBORO,,,
4611735,Charter,MA,SHEFFIELD,,,
4675807,Charter,OH,CINCINNATI,,,
4659653,Charter,TX,UVALDE,,,
4730703,Charter,CA,BAKERSFIELD,,,
4551599,Charter,WI,MADISON,,,
4451444,Charter,CA,BAKERSFIELD,,,
4689558,Charter,NY,BUFFALO,,,
4661687,Charter,TX,SAN MARCOS,,,
4698215,Charter,KY,LOUISVILLE,,,
4687889,Charter,TX,WESLACO,,,
4721342,Charter,NY,NORWOOD,,,
4730677,Charter,CA,BAKERSFIELD,,,
4715914,Charter,FL,CLERMONT,,,
4616229,Charter,TX,FRISCO,,,
3800439,Charter,TX,HARKER HEIGHTS,,,
4710012,Charter,TX,PFLUGERVILLE,,,
757231,Charter,TX,SAN ANTONIO,,,
4162902,Charter,TX,BEDFORD,,,
4700894,Charter,NH,MELVIN VILLAGE,,,
4731262,Charter,CA,BAKERSFIELD,,,
4716395,Charter,NY,FLUSHING,,,
4732605,Charter,TX,SAN MARCOS,,,
4737881,Charter,TX,BEAUMONT,,,
4677655,Charter,TX,MERCEDES,,,
4668895,Charter,TX,CEDAR PARK,,,
4730048,Charter,TX,GRANBURY,,,
4645696,Charter,TX,DALLAS,,,
3850912,Charter,SC,WEST COLUMBIA,,,
1708191,Charter,SC,SUMMERVILLE,,,
4568779,Charter,NC,DURHAM,,,
4702942,Charter,FL,DAVENPORT,,,
3019214,Charter,SC,SUMMERVILLE,,,
3847506,Charter,MN,COKATO,,,
4504078,Charter,KS,OVERLAND PARK,,,
4717813,Charter,MO,WENTZVILLE,,,
4716708,Charter,WI,WIND LAKE,,,
3413382,Charter,SC,SUMMERVILLE,,,
4745093,Charter,FL,OVIEDO,,,
2440026,Charter,SC,ELGIN,,,
3590546,Charter,FL,SAINT PETERSBURG,,,
4705667,Charter,MO,WENTZVILLE,,,
650294,Charter,SC,COLUMBIA,,,
2867644,Charter,SC,LEXINGTON,,,
4509983,Charter,NC,DURHAM,,,
4686484,Charter,FL,COCOA,,,
4719049,Charter,FL,COCOA,,,
4686452,Charter,FL,COCOA,,,
2424057,Charter,SC,COLUMBIA,,,
4728633,Charter,FL,WINTER HAVEN,,,
4510181,Charter,MI,BAY CITY,,,
4684900,Charter,MO,CAMDENTON,,,
4691351,Charter,MO,SAINT LOUIS,,,
4559644,Charter,FL,OCOEE,,,
4692516,Charter,MO,BALLWIN,,,
4670495,Charter,FL,VALRICO,,,
4700362,Charter,WI,LAKE MILLS,,,
4665225,Charter,FL,COCOA,,,
4709272,Charter,FL,COCOA,,,
4723264,Charter,NC,WILLOW SPRING,,,
4721644,Charter,FL,NEW PORT RICHEY,,,
4700279,Charter,WI,LAKE MILLS,,,
4678242,Charter,MO,CHESTERFIELD,,,
4634207,Charter,FL,OCALA,,,
4665464,Charter,FL,OCALA,,,
4684234,Charter,FL,DADE CITY,,,
4650232,Charter,FL,OCALA,,,
4488194,Charter,FL,SANFORD,,,
4585080,Charter,FL,TAMPA,,,
4674578,Charter,FL,CITRUS SPRINGS,,,
4627911,Charter,FL,OCALA,,,
4657191,Charter,FL,WESLEY CHAPEL,,,
4683963,Charter,FL,DADE CITY,,,
2323759,Charter,FL,LAND O LAKES,,,
4667220,Charter,FL,CLERMONT,,,
4687390,Charter,FL,OCALA,,,
4559487,Charter,FL,OCALA,,,
4655864,Charter,FL,OCALA,,,
4611793,Charter,FL,OCALA,,,
3259590,Charter,FL,DADE CITY,,,
4659933,Charter,FL,OCALA,,,
4619127,Charter,FL,LAND O LAKES,,,
4672798,Charter,TX,DEL VALLE,,,
4637537,Charter,FL,PALM HARBOR,,,
4615903,Charter,FL,HERNANDO,,,
4741668,Charter,TX,AUSTIN,,,
4578915,Charter,TX,DESOTO,,,
4744157,Charter,TX,VIDOR,,,
4709685,Charter,TX,DALLAS,,,
4637178,Charter,FL,OCALA,,,
4738597,Charter,TX,AUSTIN,,,
4579635,Charter,TX,WAXAHACHIE,,,
4582548,Charter,TX,LANCASTER,,,
3179272,Charter,AL,AUBURN,,,
4622684,Charter,TX,PLANO,,,
4665223,Charter,TN,CLARKSVILLE,,,
4657545,Charter,AL,GUNTERSVILLE,,,
4479810,Charter,SC,EASLEY,,,
4499123,Charter,SC,LIBERTY,,,
4712192,Charter,AL,GEORGIANA,,,
4289027,Charter,GA,FLOVILLA,,,
4503977,Charter,NC,LEICESTER,,,
2489834,Charter,SC,TRAVELERS REST,,,
4671232,Charter,TN,CLARKSVILLE,,,
4656592,Charter,AL,TRUSSVILLE,,,
4530992,Charter,TN,BLOUNTVILLE,,,
4665015,Charter,AL,FORT PAYNE,,,
4650522,Charter,AL,TRUSSVILLE,,,
4640130,Charter,TN,CLARKSVILLE,,,
4658346,Charter,TN,CLARKSVILLE,,,
3716377,Charter,AL,PELHAM,,,
4685529,Charter,MN,WAITE PARK,,,
4713117,Charter,NE,LINCOLN,,,
4207488,Charter,WI,SAINT CROIX FALLS,,,
4730756,Charter,NE,LINCOLN,,,
4728079,Charter,NY,CROPSEYVILLE,,,
4658773,Charter,WI,HILBERT,,,
1898157,Charter,WI,PLEASANT PRAIRIE,,,
4680934,Charter,MA,UPTON,,,
4696646,Charter,NE,LINCOLN,,,
4721444,Charter,FL,HAINES CITY,,,
4696496,Charter,WI,MILWAUKEE,,,
4279327,Charter,FL,BRADENTON,,,
4653788,Charter,WI,MARSHFIELD,,,
3949012,Charter,NY,LIVINGSTON MANOR,,,
4736915,Charter,NY,VESTAL,,,
4728894,Charter,NY,SWAN LAKE,,,
4699304,Charter,OH,NEW PHILADELPHIA,,,
4590703,Charter,NY,HURLEYVILLE,,,
3939949,Charter,WA,EAST WENATCHEE,,,
3776713,Charter,NY,FAR ROCKAWAY,,,
4373947,Charter,MT,POLSON,,,
4676158,Charter,WA,CHEWELAH,,,
4683869,Charter,WA,CHEWELAH,,,
4306371,Charter,MT,BIGFORK,,,
1598107,Charter,NY,SWAN LAKE,,,
3312376,Charter,NY,KENOZA LAKE,,,
4407184,Charter,NY,NEW YORK,,,
3586160,Charter,MT,WHITEFISH,,,
3503172,Charter,SC,MYRTLE BEACH,,,
3428891,Charter,SC,MYRTLE BEACH,,,
4664938,Charter,CA,AROMAS,,,
4714315,Charter,WI,SHEBOYGAN FALLS,,,
4730655,Charter,MN,OWATONNA,,,
4694931,Charter,WI,SHEBOYGAN,,,
4267491,Charter,NC,SEYMOUR JOHNSON AFB,,,
4661311,Charter,MO,FARMINGTON,,,
4727746,Charter,NC,BROADWAY,,,
4675339,Charter,FL,OVIEDO,,,
4687728,Charter,FL,DAVENPORT,,,
4716245,Charter,NY,GREECE,,,
4681341,Charter,NC,WAKE FOREST,,,
4526229,Charter,FL,SAINT PETERSBURG,,,
4721553,Charter,WI,WAUKESHA,,,
4675662,Charter,NY,ONEONTA,,,
4728406,Charter,NC,COATS,,,
4737379,Charter,NY,CLARENCE,,,
4689393,Charter,WY,CHEYENNE,,,
4729704,Charter,NC,LUMBERTON,,,
4685796,Charter,TX,GLEN ROSE,,,
4682623,Charter,NC,DURHAM,,,
4718294,Charter,NC,CHINA GROVE,,,
4648282,Charter,TX,LEWISVILLE,,,
3157680,Charter,TX,FLOWER MOUND,,,
4617109,Charter,CO,MONTROSE,,,
4674308,Charter,NC,LINCOLNTON,,,
4665409,Charter,SC,GEORGETOWN,,,
4717996,Charter,NY,MEXICO,,,
4193110,Charter,TX,ORANGE,,,
4647790,Charter,TX,LOS FRESNOS,,,
4086393,Charter,TX,AUSTIN,,,
2830985,Charter,ME,GARDINER,,,
4308339,Charter,TX,FORT WORTH,,,
4672371,Charter,TX,BURNET,,,
4574399,Charter,TX,ARLINGTON,,,
4643238,Charter,TX,LOS FRESNOS,,,
4649408,Charter,ME,AUGUSTA,,,
4672533,Charter,TX,CEDAR PARK,,,
4745728,Charter,FL,PALM BAY,,,
4636969,Charter,FL,CASSELBERRY,,,
4708682,Charter,NC,EMERALD ISLE,,,
4626466,Charter,WI,MOSINEE,,,
4730442,Charter,MA,RUTLAND,,,
3933682,Charter,TX,EL PASO,,,
4582721,Charter,TX,BUDA,,,
4558172,Charter,TX,AUSTIN,,,
4722180,Charter,FL,WINTER GARDEN,,,
4724183,Charter,NC,PEMBROKE,,,
4725563,Charter,NY,EAST AURORA,,,
4611863,Charter,NC,LITTLETON,,,
4350928,Charter,CA,SOLEDAD,,,
4675140,Charter,TX,CUERO,,,
4645680,Charter,TX,FARMERSVILLE,,,
3570386,Charter,TX,DALLAS,,,
3274220,Charter,VA,SUFFOLK,,,
4721309,Charter,NC,LOUISBURG,,,
4645712,Charter,NC,LAURINBURG,,,
4704102,Charter,NC,MILTON,,,
4667902,Charter,NC,GATESVILLE,,,
4519380,Charter,TX,FORT WORTH,,,
4730259,Charter,AL,TALLADEGA,,,
4756785,Charter,NY,NEW YORK,,,
4744847,Charter,NY,FLUSHING,,,
4623601,Charter,AL,PIEDMONT,,,
4666579,Charter,TX,SAN ANTONIO,,,
4718171,Charter,NC,LAUREL HILL,,,
4724868,Charter,LA,PONCHATOULA,,,
4743102,Charter,TN,LAWRENCEBURG,,,
3805232,Charter,AL,MONTEVALLO,,,
4723525,Charter,FL,TAMPA,,,
4599719,Charter,SC,ELGIN,,,
3480240,Charter,SC,MURRELLS INLET,,,
4738864,Charter,TX,FORT WORTH,,,
3557869,Charter,SC,MYRTLE BEACH,,,
4714030,Charter,MO,CUBA,,,
4507361,Charter,AL,ELROD,,,
4671959,Charter,NY,GASPORT,,,
4651938,Charter,TX,AUSTIN,,,
4522987,Charter,MO,WASHINGTON,,,
4444824,Charter,NY,FREEVILLE,,,
4309315,Charter,AL,PIEDMONT,,,
4687706,Charter,TX,AUSTIN,,,
4631316,Charter,OH,COOLVILLE,,,
4584943,Charter,NM,ANTHONY,,,
4225673,Charter,KY,NEWPORT,,,
4727923,Charter,LA,COVINGTON,,,
4701890,Charter,TX,BRIDGE CITY,,,
4723295,Charter,OH,COLUMBUS,,,
4299031,Charter,AL,HOLLY POND,,,
4661882,Charter,TN,SEVIERVILLE,,,
4650199,Charter,TX,FRISCO,,,
3965032,Charter,KY,HARRODSBURG,,,
4225402,Charter,NC,LEXINGTON,,,
3815020,Charter,KY,HARRODSBURG,,,
4035841,Charter,TX,HUTTO,,,
4059809,Charter,AL,CULLMAN,,,
4670149,Charter,NC,AHOSKIE,,,
4737662,Charter,KY,GARRISON,,,
4664001,Charter,LA,HAMMOND,,,
4068808,Charter,TX,EL PASO,,,
4656452,Charter,SC,SALEM,,,
4711761,Charter,LA,TICKFAW,,,
4682108,Charter,GA,GAINESVILLE,,,
4587977,Charter,TX,EL PASO,,,
3802268,Charter,AL,ADDISON,,,
4721769,Charter,TX,FRISCO,,,
4740635,Charter,TN,BEAN STATION,,,
4688773,Charter,AL,TRINITY,,,
4637063,Charter,TX,WESLACO,,,
4711197,Charter,AL,UNION GROVE,,,
4719426,Charter,TX,AUSTIN,,,
4711731,Charter,LA,PONCHATOULA,,,
4656391,Charter,TX,DUNCANVILLE,,,
4445870,Charter,TN,LOUISVILLE,,,
4707051,Charter,LA,SPRINGFIELD,,,
4712161,Charter,TX,ORANGE,,,
4714132,Charter,TN,CLARKSVILLE,,,
4734134,Charter,TX,FORT WORTH,,,
3557777,Charter,SC,MYRTLE BEACH,,,
4710650,Charter,FL,HAINES CITY,,,
4498287,Charter,NY,FREEVILLE,,,
4461353,Charter,NY,LIBERTY,,,
4648022,Charter,GA,GAINESVILLE,,,
4639168,Charter,TX,FORT WORTH,,,
4612359,Charter,GA,CARROLLTON,,,
4653165,Charter,TX,ROCKPORT,,,
4665013,Charter,GA,BREMEN,,,
4731040,Charter,LA,COVINGTON,,,
4710529,Charter,TN,MARYVILLE,,,
4645324,Charter,FL,BROOKSVILLE,,,
4751942,Charter,WY,BUFFALO,,,
4264872,Charter,MA,WORCESTER,,,
4575658,Charter,NY,SPARROW BUSH,,,
4741530,Charter,ME,NEW HARBOR,,,
4723309,Charter,LA,THIBODAUX,,,
4575219,Charter,WY,CASPER,,,
4743138,Charter,WY,SHERIDAN,,,
4676815,Charter,CO,DURANGO,,,
4669318,Charter,GA,MARIETTA,,,
4683841,Charter,OR,PILOT ROCK,,,
4634490,Charter,TX,LAREDO,,,
3842508,Charter,MT,MISSOULA,,,
4707308,Charter,TX,TEMPLE,,,
4638757,Charter,TN,CLEVELAND,,,
1707532,Charter,TN,COOKEVILLE,,,
3910004,Charter,AL,ROANOKE,,,
4741299,Charter,NY,NEW YORK,,,
4685129,Charter,TX,AUSTIN,,,
4730402,Charter,LA,CHURCH POINT,,,
4559028,Charter,TN,CROSSVILLE,,,
4628225,Charter,AL,VALLEY,,,
4726436,Charter,GA,LAGRANGE,,,
4582642,Charter,TX,PLANO,,,
4653410,Charter,TX,DEL RIO,,,
4605568,Charter,TX,DEL RIO,,,
4667975,Charter,GA,MARIETTA,,,
4689958,Charter,FL,DEFUNIAK SPRINGS,,,
4628322,Charter,AL,CULLMAN,,,
3985625,Charter,TX,DALLAS,,,
4624064,Charter,GA,HOGANSVILLE,,,
4650559,Charter,TX,EDCOUCH,,,
4684930,Charter,TX,CEDAR PARK,,,
4653444,Charter,TX,MANSFIELD,,,
4669091,Charter,AL,JACKSONS GAP,,,
4621479,Charter,TN,LEBANON,,,
4023378,Charter,OH,CANAL WINCHESTER,,,
4723439,Charter,TX,MIDLOTHIAN,,,
4652690,Charter,GA,CARROLLTON,,,
4474882,Charter,TX,UVALDE,,,
4641465,Charter,SC,CHESNEE,,,
4208480,Charter,AL,CULLMAN,,,
4671342,Charter,TX,BROWNSVILLE,,,
4662110,Charter,AL,GUNTERSVILLE,,,
4545229,Charter,TX,ENNIS,,,
4038014,Charter,TX,IRVING,,,
4627696,Charter,AL,VINEMONT,,,
4687867,Charter,TX,FRISCO,,,
4742184,Charter,NE,HASTINGS,,,
4687832,Charter,FL,TAMPA,,,
4745315,Charter,ME,HAMPDEN,,,
4593188,Charter,ID,POST FALLS,,,
4690065,Charter,GA,HOGANSVILLE,,,
4624430,Charter,TX,KYLE,,,
4536968,Charter,TX,SAN ANTONIO,,,
4373705,Charter,TN,CROSSVILLE,,,
4682779,Charter,TX,CARROLLTON,,,
3940583,Charter,CO,GRAND JUNCTION,,,
4748627,Charter,NY,FLUSHING,,,
4724374,Charter,FL,DEFUNIAK SPRINGS,,,
4738942,Charter,MO,ARNOLD,,,
4690779,Charter,GA,LAGRANGE,,,
4677845,Charter,FL,TAMPA,,,
2703704,Charter,NY,GOSHEN,,,
3765473,Charter,CO,GRAND JUNCTION,,,
4370104,Charter,OH,EAST FULTONHAM,,,
3379081,Charter,NH,CTR TUFTNBORO,,,
4668858,Charter,TX,SAN JUAN,,,
4698312,Charter,TX,KILLEEN,,,
4642554,Charter,AL,ALEXANDER CITY,,,
4588418,Charter,TX,SAN ANTONIO,,,
4708368,Charter,AL,MONTGOMERY,,,
4625759,Charter,AL,CULLMAN,,,
3004175,Charter,FL,MOLINO,,,
4695949,Charter,TX,HARLINGEN,,,
4674062,Charter,TN,COOKEVILLE,,,
4636328,Charter,AL,DADEVILLE,,,
4570451,Charter,TX,FRISCO,,,
4628256,Charter,AL,ALEXANDER CITY,,,
4553253,Charter,TX,FLOWER MOUND,,,
4564738,Charter,TX,DALLAS,,,
4598277,Charter,FL,HOLLY HILL,,,
689965,Charter,SC,SUMMERVILLE,,,
4744154,Charter,NY,CAZENOVIA,,,
4677502,Charter,FL,OCALA,,,
4728357,Charter,NY,BALLSTON LAKE,,,
4684658,Charter,FL,OCALA,,,
4659926,Charter,SC,NORTH MYRTLE BEACH,,,
4684407,Charter,FL,OCALA,,,
4684555,Charter,FL,OCALA,,,
4656847,Charter,WI,OAK CREEK,,,
4716288,Charter,NY,SARANAC LAKE,,,
4592858,Charter,NC,DUNN,,,
673315,Charter,SC,HILTON HEAD ISLAND,,,
4630865,Charter,WI,ABBOTSFORD,,,
1991149,Charter,SC,SUMMERVILLE,,,
4710087,Charter,FL,TRINITY,,,
4591077,Charter,WI,MUKWONAGO,,,
4692719,Charter,FL,OCALA,,,
4657691,Charter,NC,CHARLOTTE,,,
4650493,Charter,FL,BROOKSVILLE,,,
4657494,Charter,FL,OCALA,,,
4499485,Charter,NC,HUNTERSVILLE,,,
2632736,Charter,SC,BLUFFTON,,,
4645363,Charter,FL,OCALA,,,
4653437,Charter,FL,OCALA,,,
4553180,Charter,FL,OCALA,,,
4611491,Charter,FL,OCALA,,,
1905534,Charter,SC,SUMMERVILLE,,,
1947028,Charter,SC,HILTON HEAD ISLAND,,,
4574856,Charter,FL,PALM HARBOR,,,
4064590,Charter,NY,MOHAWK,,,
1946959,Charter,SC,HILTON HEAD ISLAND,,,
2602067,Charter,SC,HILTON HEAD ISLAND,,,
2609248,Charter,SC,HILTON HEAD ISLAND,,,
1852434,Charter,SC,SUMMERVILLE,,,
4026957,Charter,NY,FERNDALE,,,
4683871,Charter,NY,SAUGERTIES,,,
4368517,Charter,SC,BLUFFTON,,,
4760476,Charter,NY,BASOM,,,
3751618,Charter,NC,CHARLOTTE,,,
4427317,Charter,WI,NEENAH,,,
4742116,Charter,NY,LAKEVILLE,,,
2866207,Charter,WA,OUTLOOK,,,
4263485,Charter,WY,WORLAND,,,
4281236,Charter,WY,WORLAND,,,
4705619,Charter,WA,KENNEWICK,,,
4130835,Charter,WI,MADISON,,,
4748865,Charter,NY,NORTH TONAWANDA,,,
3694834,Charter,NC,MATTHEWS,,,
4752041,Charter,NY,FORESTVILLE,,,
3694869,Charter,NC,CHARLOTTE,,,
1107435,Charter,SC,HILTON HEAD ISLAND,,,
4727858,Charter,CA,KING CITY,,,
3485230,Charter,NC,CHARLOTTE,,,
4569077,Charter,NY,MONTICELLO,,,
4749089,Charter,CA,BAKERSFIELD,,,
1171568,Charter,SC,HILTON HEAD ISLAND,,,
4752943,Charter,NY,AMHERST,,,
837617,Charter,SC,HILTON HEAD ISLAND,,,
4742601,Charter,CA,BAKERSFIELD,,,
4639580,Charter,ME,FAIRFIELD,,,
2279283,Charter,WY,RIVERTON,,,
2540180,Charter,SC,BLUFFTON,,,
4591795,Charter,ME,BAILEYVILLE,,,
3057585,Charter,NY,COCHECTON,,,
2543224,Charter,SC,HILTON HEAD ISLAND,,,
656788,Charter,SC,SUMMERVILLE,,,
4732684,Charter,NY,BUFFALO,,,
4744984,Charter,CA,BAKERSFIELD,,,
3646607,Charter,NC,PINEVILLE,,,
4729978,Charter,NY,EAST AMHERST,,,
4749148,Charter,CA,BAKERSFIELD,,,
4740933,Charter,CA,BAKERSFIELD,,,
4747452,Charter,NY,MIDDLEPORT,,,
4678868,Charter,ID,COEUR D ALENE,,,
4746721,Charter,CA,BAKERSFIELD,,,
4749414,Charter,NY,STATEN ISLAND,,,
4700628,Charter,NY,AVON,,,
4755598,Charter,CA,TEHACHAPI,,,
4710175,Charter,NY,NEW YORK,,,
4729789,Charter,NY,ELMHURST,,,
4646237,Charter,NY,ROCHESTER,,,
4745060,Charter,CA,BAKERSFIELD,,,
3539986,Charter,NC,CHARLOTTE,,,
4662522,Charter,WA,SELAH,,,
4703749,Charter,WA,OCEAN PARK,,,
4636340,Charter,WA,WAPATO,,,
3556039,Charter,NC,CHARLOTTE,,,
4653485,Charter,NY,FLUSHING,,,
3455819,Charter,NC,CHARLOTTE,,,
4749108,Charter,CA,BAKERSFIELD,,,
4650027,Charter,CA,AROMAS,,,
4464841,Charter,SC,MANNING,,,
1077437,Charter,SC,RIDGEVILLE,,,
4456643,Charter,CA,LAMONT,,,
4735146,Charter,TX,KILLEEN,,,
1063366,Charter,SC,HILTON HEAD ISLAND,,,
1071808,Charter,SC,HILTON HEAD ISLAND,,,
2478661,Charter,SC,HILTON HEAD ISLAND,,,
2244379,Charter,SC,HILTON HEAD ISLAND,,,
639053,Charter,SC,SUMMERVILLE,,,
994045,Charter,SC,HILTON HEAD ISLAND,,,
1006925,Charter,SC,BLUFFTON,,,
1005872,Charter,SC,HILTON HEAD ISLAND,,,
1722126,Charter,SC,SUMMERVILLE,,,
2364122,Charter,SC,NORTH CHARLESTON,,,
2354225,Charter,SC,HILTON HEAD ISLAND,,,
2965279,Charter,SC,SUMMERVILLE,,,
632797,Charter,SC,MONCKS CORNER,,,
3852748,Charter,TX,LAREDO,,,
1654930,Charter,SC,SUMMERVILLE,,,
2909000,Charter,NY,RED HOOK,,,
4012306,Charter,NY,MIDDLETOWN,,,
1644338,Charter,SC,SUMMERVILLE,,,
920059,Charter,SC,HILTON HEAD ISLAND,,,
4732586,Charter,TX,CARRIZO SPRINGS,,,
4721233,Charter,TX,EDCOUCH,,,
4627077,Charter,TX,DRIFTWOOD,,,
4668714,Charter,TX,HARLINGEN,,,
4706399,Charter,TX,LAREDO,,,
4628339,Charter,TX,NEW BRAUNFELS,,,
4447443,Charter,TX,UVALDE,,,
4746031,Charter,TX,FLOWER MOUND,,,
4738217,Charter,TX,HUTCHINS,,,
4678169,Charter,TX,ARLINGTON,,,
4660112,Charter,TX,LEWISVILLE,,,
4654720,Charter,TX,FORT WORTH,,,
4528782,Charter,TX,ARLINGTON,,,
4597028,Charter,TX,CEDAR HILL,,,
4174142,Charter,TX,KYLE,,,
2977720,Charter,TX,FLOWER MOUND,,,
4089735,Charter,TX,SAN MARCOS,,,
3220201,Charter,TX,DRIPPING SPRINGS,,,
4631794,Charter,TX,FRISCO,,,
4601675,Charter,TX,DALLAS,,,
4619253,Charter,TX,FRISCO,,,
3910989,Charter,TX,SAN ANTONIO,,,
4642092,Charter,TX,FRISCO,,,
2215442,Charter,TX,BEAUMONT,,,
4759520,Charter,TX,KILLEEN,,,
4766839,Charter,TX,WEST,,,
3317549,Charter,LA,LACOMBE,,,
4316539,Charter,TX,IRVING,,,
4721344,Charter,TX,BASTROP,,,
3122241,Charter,AL,ATHENS,,,
4670759,Charter,TX,TEMPLE,,,
4682309,Charter,TX,ARLINGTON,,,
4638756,Charter,TX,DENTON,,,
4274354,Charter,NC,BEAUFORT,,,
4662547,Charter,ME,MOUNT DESERT,,,
4745545,Charter,ME,BELFAST,,,
4749952,Charter,NY,ELDRED,,,
4181098,Charter,NY,ROCK HILL,,,
4718839,Charter,NY,ROCK HILL,,,
4729350,Charter,NY,STAMFORD,,,
4712397,Charter,NC,SHELBY,,,
4580745,Charter,NC,WINSTON SALEM,,,
4764889,Charter,NY,WILLSEYVILLE,,,
4674468,Charter,NH,CENTER TUFTONBORO,,,
2415575,Charter,ME,TURNER,,,
4714002,Charter,NY,CANANDAIGUA,,,
4593684,Charter,NC,CHARLOTTE,,,
4722366,Charter,NY,PORT LEYDEN,,,
4670914,Charter,NC,RAEFORD,,,
4387249,Charter,ME,LEEDS,,,
4556526,Charter,TX,CEDAR CREEK,,,
4372458,Charter,NC,CHARLOTTE,,,
4737508,Charter,ME,PITTSFIELD,,,
4769680,Charter,NY,NORWICH,,,
4718777,Charter,NY,HIGHLAND LAKE,,,
4746702,Charter,NY,ALBANY,,,
4737423,Charter,TX,SOUTHLAKE,,,
4721286,Charter,NC,SALISBURY,,,
4705394,Charter,NY,BATAVIA,,,
4707474,Charter,NY,GREENFIELD PARK,,,
4760424,Charter,NY,WEST SHOKAN,,,
4701973,Charter,NC,PINEVILLE,,,
4722692,Charter,NY,HAMILTON,,,
4669487,Charter,TX,WIMBERLEY,,,
4418689,Charter,NY,SOUTH WALES,,,
2804083,Charter,NY,CAMPBELL HALL,,,
4690442,Charter,NY,ALBANY,,,
4506694,Charter,ME,FALMOUTH,,,
4670143,Charter,TX,RIO GRANDE CITY,,,
4687491,Charter,NC,GRAHAM,,,
4729547,Charter,ME,WINDHAM,,,
4713324,Charter,NC,CLAREMONT,,,
4681712,Charter,NC,SALISBURY,,,
4715767,Charter,NC,WINSTON SALEM,,,
4651726,Charter,TX,FORT WORTH,,,
1597342,Charter,NY,LORRAINE,,,
4690309,Charter,TX,BISHOP,,,
4725133,Charter,TX,ARLINGTON,,,
4712879,Charter,NC,CONOVER,,,
3387612,Charter,NC,CONCORD,,,
3725504,Charter,NY,BLOOMINGBURG,,,
4585567,Charter,TX,SAN ANTONIO,,,
4545971,Charter,TX,SAN ANTONIO,,,
4705142,Charter,NC,KING,,,
4647253,Charter,TX,DALLAS,,,
4754140,Charter,TX,SAN ELIZARIO,,,
4726340,Charter,TX,AUSTIN,,,
4692127,Charter,TX,MAGNOLIA,,,
4654086,Charter,TX,ROANOKE,,,
4742010,Charter,TX,BASTROP,,,
4612060,Charter,TX,AUSTIN,,,
4661932,Charter,TX,DALLAS,,,
4652154,Charter,TX,AUSTIN,,,
4672492,Charter,TX,ROUND ROCK,,,
4677847,Charter,TX,AUSTIN,,,
4672429,Charter,TX,AUSTIN,,,
4660224,Charter,TX,AUSTIN,,,
4728335,Charter,FL,LAKE PANASOFFKEE,,,
4671256,Charter,FL,NEW SMYRNA BEACH,,,
4729457,Charter,FL,TAMPA,,,
4562524,Charter,FL,LAKELAND,,,
4690092,Charter,FL,POINCIANA,,,
4767812,Charter,FL,PALM BAY,,,
4642008,Charter,TX,LAREDO,,,
4702806,Charter,TX,AUSTIN,,,
4660087,Charter,FL,DAVENPORT,,,
4654410,Charter,TX,PFLUGERVILLE,,,
3454197,Charter,FL,PALM BAY,,,
4642364,Charter,TX,BROWNSVILLE,,,
4684296,Charter,NM,ANTHONY,,,
4737723,Charter,FL,SPRING HILL,,,
4639249,Charter,FL,THONOTOSASSA,,,
4619199,Charter,TX,MISSION,,,
4675119,Charter,TX,WICHITA FALLS,,,
4691722,Charter,TX,SAN MARCOS,,,
4682139,Charter,TX,MIDLOTHIAN,,,
4706594,Charter,TX,FRISCO,,,
4712605,Charter,TX,MCALLEN,,,
3376855,Charter,SC,MYRTLE BEACH,,,
2765715,Charter,MO,SAINT LOUIS,,,
2812486,Charter,SC,MURRELLS INLET,,,
1803700,Charter,NC,LEXINGTON,,,
4551148,Charter,MN,SAINT CLOUD,,,
4591315,Charter,FL,DELAND,,,
4741674,Charter,FL,FLAGLER BEACH,,,
2143233,Charter,SC,LEXINGTON,,,
4739565,Charter,MN,OTSEGO,,,
568104,Charter,SC,NORTH CHARLESTON,,,
4576420,Charter,FL,FLAGLER BEACH,,,
2609248,Charter,SC,HILTON HEAD ISLAND,,,
4719570,Charter,NE,KEARNEY,,,
4735099,Charter,MN,BREEZY POINT,,,
4742488,Charter,NE,HASTINGS,,,
4488325,Charter,FL,PALM COAST,,,
4728455,Charter,MN,BYRON,,,
4614729,Charter,FL,BELLEVIEW,,,
1605504,Charter,NC,KERNERSVILLE,,,
4730709,Charter,MN,ROCHESTER,,,
4733521,Charter,NE,LINCOLN,,,
1722142,Charter,NC,WINSTON SALEM,,,
1462999,Charter,NC,HICKORY,,,
4664803,Charter,MN,SAUK CENTRE,,,
1868685,Charter,NC,TAYLORSVILLE,,,
4612160,Charter,NC,CHARLOTTE,,,
4636903,Charter,NC,LIBERTY,,,
4632518,Charter,NC,SEYMOUR JOHNSON AFB,,,
4692720,Charter,FL,PALMETTO,,,
4731757,Charter,WI,HAYWARD,,,
2599110,Charter,NC,STOKESDALE,,,
4710013,Charter,FL,LUTZ,,,
4540223,Charter,SC,LITTLE RIVER,,,
4746735,Charter,MO,BALLWIN,,,
4701659,Charter,WI,MARINETTE,,,
4690721,Charter,WI,GREEN BAY,,,
4711058,Charter,WI,BEAVER DAM,,,
4694015,Charter,WI,ABBOTSFORD,,,
669892,Charter,SC,CHARLESTON,,,
4705561,Charter,WI,SPENCER,,,
4359600,Charter,NC,SHELBY,,,
4737679,Charter,NC,LAUREL HILL,,,
4686108,Charter,WI,ABBOTSFORD,,,
4595211,Charter,NC,CHARLOTTE,,,
4648764,Charter,WI,BLOOMER,,,
1743723,Charter,NC,BURLINGTON,,,
4681534,Charter,WI,BAYFIELD,,,
4564636,Charter,NC,CORNELIUS,,,
4674166,Charter,WI,HAYWARD,,,
4724645,Charter,TX,AUSTIN,,,
4729870,Charter,TX,SAN ANTONIO,,,
4741525,Charter,TX,LUMBERTON,,,
4682990,Charter,TX,BASTROP,,,
4703887,Charter,TX,GRAND PRAIRIE,,,
4678639,Charter,TX,LAREDO,,,
4698889,Charter,TX,BALCH SPRINGS,,,
4716118,Charter,TX,LAGO VISTA,,,
4715663,Charter,TX,RIO GRANDE CITY,,,
4541291,Charter,TX,AUSTIN,,,
4775947,Charter,TX,WIMBERLEY,,,
4696060,Charter,TX,MISSION,,,
4752691,Charter,TX,WICHITA FALLS,,,
4528548,Charter,TX,DEL RIO,,,
4713225,Charter,TX,ROCKPORT,,,
4523447,Charter,TX,AUSTIN,,,
4778606,Charter,TX,WACO,,,
1607381,Charter,TX,HARKER HEIGHTS,,,
4655942,Charter,TX,CORPUS CHRISTI,,,
875197,Charter,TX,BOERNE,,,
4752571,Charter,TX,MCKINNEY,,,
4717998,Charter,TX,WESLACO,,,
4553270,Charter,TX,DENTON,,,
4580697,Charter,TX,RIO GRANDE CITY,,,
4727095,Charter,TX,FORT WORTH,,,
4590678,Charter,TX,WEST,,,
4692799,Charter,TX,WICHITA FALLS,,,
4684397,Charter,TX,MISSION,,,
4645768,Charter,TX,EL PASO,,,
2986615,Charter,SC,BLYTHEWOOD,,,
4706910,Charter,SC,GILBERT,,,
4739286,Charter,NC,WALNUT COVE,,,
4738423,Charter,NC,KING,,,
2202913,Charter,SC,GASTON,,,
4415338,Charter,NC,GIBSONVILLE,,,
2910260,Charter,SC,CAYCE,,,
4156206,Charter,NC,CLIMAX,,,
3013969,Charter,SC,CHAPIN,,,
3374854,Charter,SC,HOPKINS,,,
4570323,Charter,NC,SUMMERFIELD,,,
4744474,Charter,NC,ANGIER,,,
2879913,Charter,SC,LEXINGTON,,,
3240514,Charter,SC,LEXINGTON,,,
4678311,Charter,NC,WINSTON SALEM,,,
4542698,Charter,NC,JULIAN,,,
4695755,Charter,SC,HOPKINS,,,
3639025,Charter,SC,SUMTER,,,
4531362,Charter,NC,GIBSONVILLE,,,
3050422,Charter,SC,COLUMBIA,,,
4591192,Charter,SC,COLUMBIA,,,
2945812,Charter,SC,ORANGEBURG,,,
3000985,Charter,SC,LEXINGTON,,,
4554606,Charter,SC,N CHARLESTON,,,
4527274,Charter,SC,CAYCE,,,
4701728,Charter,KY,WILLIAMSBURG,,,
3971895,Charter,TX,HARKER HEIGHTS,,,
4750042,Charter,OH,TROY,,,
4685978,Charter,TX,SAN ANTONIO,,,
4710768,Charter,TX,CARROLLTON,,,
4747152,Charter,KY,CORBIN,,,
4309338,Charter,KY,CYNTHIANA,,,
4701872,Charter,KY,WILLIAMSBURG,,,
4651740,Charter,TX,SAN ANTONIO,,,
4663120,Charter,TX,GARLAND,,,
4722651,Charter,OH,DAYTON,,,
2436689,Charter,OH,TROY,,,
3388981,Charter,TX,ALICE,,,
4342756,Charter,TX,SAN ANTONIO,,,
4739306,Charter,KY,STEARNS,,,
3875738,Charter,OH,CHILLICOTHE,,,
4706957,Charter,TX,LUMBERTON,,,
4712955,Charter,OH,MIAMISBURG,,,
4720894,Charter,OH,MIAMISBURG,,,
4701589,Charter,KY,STRUNK,,,
4732487,Charter,TX,SAN BENITO,,,
4717925,Charter,TX,AUSTIN,,,
4662430,Charter,TX,AUSTIN,,,
4699794,Charter,TX,AUSTIN,,,
4687286,Charter,TX,MCKINNEY,,,
4624440,Charter,TX,SPICEWOOD,,,
4741859,Charter,TX,EL PASO,,,
4591324,Charter,TX,EL PASO,,,
4775713,Charter,TX,ALLEYTON,,,
4668822,Charter,OH,PIQUA,,,
4683562,Charter,TX,LANCASTER,,,
4650780,Charter,TX,DALLAS,,,
4742701,Charter,TX,FORT WORTH,,,
4782911,Charter,NC,GREENSBORO,,,
4724865,Charter,NC,ZEBULON,,,
4778761,Charter,NC,TROUTMAN,,,
4754002,Charter,SC,MARION,,,
4691921,Charter,NC,DALLAS,,,
4782769,Charter,NC,GREENSBORO,,,
4717297,Charter,SC,GEORGETOWN,,,
SO-TWC-FD-4866COOPER,Charter,OHIO,BLUE ASH,,,
4724881,Charter,SC,GEORGETOWN,,,
4749736,Charter,NC,HENRICO,,,
4712394,Charter,NC,SMITHFIELD,,,
4727353,Charter,KY,SOMERSET,,,
4768283,Charter,SC,LITTLE RIVER,,,
4747215,Charter,NC,PINEBLUFF,,,
4670647,Charter,VA,SUFFOLK,,,
4746524,Charter,OH,ZANESVILLE,,,
4666048,Charter,SC,COLUMBIA,,,
4701759,Charter,NC,AULANDER,,,
4727115,Charter,NC,LINCOLNTON,,,
4369012,Charter,SC,LATTA,,,
4692385,Charter,IN,MADISON,,,
4690506,Charter,SC,COLUMBIA,,,
4689862,Charter,NC,SELMA,,,
4653142,Charter,NC,VALE,,,
4704754,Charter,NC,ELIZABETH CITY,,,
1549776,Charter,OH,LONDON,,,
4578519,Charter,KY,LEXINGTON,,,
4752501,Charter,NC,CARTHAGE,,,
4734876,Charter,NC,HICKORY,,,
4737095,Charter,MT,BELGRADE,,,
4726393,Charter,OH,BATAVIA,,,
4514391,Charter,KY,GOSHEN,,,
4767924,Charter,TX,DRIPPING SPRINGS,,,
4689940,Charter,NC,MURFREESBORO,,,
4038424,Charter,TX,SOUTH PADRE ISLAND,,,
4706932,Charter,NC,ZEBULON,,,
4747374,Charter,NC,MONROE,,,
4705661,Charter,WA,WENATCHEE,,,
4709553,Charter,IN,CHARLESTOWN,,,
4748566,Charter,KY,YOSEMITE,,,
4677984,Charter,TX,RAYMONDVILLE,,,
3408429,Charter,TX,AUSTIN,,,
4713086,Charter,TX,DALLAS,,,
4739350,Charter,IN,SALEM,,,
4753204,Charter,NC,SOUTHERN PINES,,,
4736080,Charter,KY,FALMOUTH,,,
4711913,Charter,IN,CORYDON,,,
4657681,Charter,TX,KYLE,,,
4669538,Charter,TX,DEL VALLE,,,
4675176,Charter,KY,WILLIAMSBURG,,,
2619607,Charter,OH,BELLE CENTER,,,
4713749,Charter,KY,MANCHESTER,,,
4686535,Charter,OH,HEATH,,,
4670420,Charter,OH,DAYTON,,,
4593766,Charter,TX,DRIPPING SPRINGS,,,
4531394,Charter,KY,GOSHEN,,,
4239017,Charter,TX,DALLAS,,,
4696037,Charter,OH,GALLOWAY,,,
4653381,Charter,TX,MCALLEN,,,
4732827,Charter,TX,SAN MARCOS,,,
4762608,Charter,TX,SAN MARCOS,,,
4527955,Charter,TX,WEATHERFORD,,,
4782792,Charter,MT,PARK CITY,,,
4693258,Charter,CA,BAKERSFIELD,,,
4750676,Charter,WA,EAST WENATCHEE,,,
4451324,Charter,CA,BAKERSFIELD,,,
4598202,Charter,WA,ROCK ISLAND,,,
4119959,Charter,OH,PLAIN CITY,,,
4698033,Charter,NC,ASHEBORO,,,
4731103,Charter,KY,PINEVILLE,,,
4729942,Charter,KY,MANCHESTER,,,
4782891,Charter,KY,SOMERSET,,,
4716429,Charter,OH,LEWIS CENTER,,,
4745105,Charter,KY,SCIENCE HILL,,,
4701875,Charter,OH,LONDON,,,
4708916,Charter,KY,LONDON,,,
4727792,Charter,KY,LONDON,,,
4586122,Charter,KY,ERLANGER,,,
4408587,Charter,KY,NEWPORT,,,
4686562,Charter,KY,MIDDLESBORO,,,
4656408,Charter,OH,BUCYRUS,,,
4705931,Charter,KY,MANCHESTER,,,
4675630,Charter,OH,MARYSVILLE,,,
4682959,Charter,KY,LONDON,,,
4595428,Charter,KY,WILLIAMSBURG,,,
4689025,Charter,KY,LONDON,,,
2506084,Charter,OH,DELAWARE,,,
4683552,Charter,KY,LONDON,,,
4609474,Charter,KY,LONDON,,,
4590517,Charter,TN,NEWCOMB,,,
4639149,Charter,KY,MOUNT VERNON,,,
4654523,Charter,KY,LONDON,,,
4645123,Charter,KY,HAZARD,,,
4674019,Charter,KY,SOMERSET,,,
4663476,Charter,KY,ARJAY,,,
4589620,Charter,KY,KEAVY,,,
4530146,Charter,KY,HAZARD,,,
4552669,Charter,KY,BURNSIDE,,,
4331410,Charter,KY,HARRODSBURG,,,
4740534,Charter,OH,WILLOWICK,,,
4720315,Charter,TN,PIGEON FORGE,,,
4661084,Charter,KY,LOUISVILLE,,,
4624214,Charter,IN,WESTFIELD,,,
4794063,Charter,NC,ASHEBORO,,,
4772880,Charter,SC,SMYRNA,,,
4726161,Charter,NC,HENDERSONVILLE,,,
4749190,Charter,NC,HENDERSONVILLE,,,
4747117,Charter,NC,GERTON,,,
4722242,Charter,FL,ORLANDO,,,
4192069,Charter,TX,CARROLLTON,,,
4309002,Charter,KY,SHEPHERDSVILLE,,,
4761988,Charter,TX,SILSBEE,,,
4518048,Charter,NC,RANDLEMAN,,,
4744313,Charter,IN,MOUNT VERNON,,,
4757449,Charter,SC,SUMMERVILLE,,,
4782924,Charter,TN,PIGEON FORGE,,,
4588853,Charter,AL,BIRMINGHAM,,,
4587060,Charter,CA,LA JOLLA,,,
4609496,Charter,TX,FARMERS BRANCH,,,
4754635,Charter,CA,VICTORVILLE,,,
4750477,Charter,MN,AUSTIN,,,
4754264,Charter,MN,DULUTH,,,
2629208,Charter,NY,FLUSHING,,,
4721607,Charter,TX,EULESS,,,
4739449,Charter,AL,DALEVILLE,,,
4714941,Charter,MO,SAINT LOUIS,,,
4663274,Charter,WI,SHERWOOD,,,
4674255,Charter,WI,STOUGHTON,,,
4772831,Charter,NJ,EDGEWATER,,,
4758305,Charter,NC,DALLAS,,,
4761408,Charter,TN,KINGSPORT,,,
4670175,Charter,AL,BESSEMER,,,
3202628,Charter,AL,BIRMINGHAM,,,
3188491,Charter,KY,EAST BERNSTADT,,,
4623372,Charter,AL,MORRIS,,,
4773568,Charter,MN,BIG LAKE,,,
4742076,Charter,MN,AUSTIN,,,
4340613,Charter,MI,KALAMAZOO,,,
4756093,Charter,OH,CONNEAUT,,,
4792899,Charter,CA,SHAFTER,,,
4661722,Charter,OR,BAKER CITY,,,
3591983,Charter,AL,DOTHAN,,,
2414137,Charter,NC,HICKORY,,,
2430051,Charter,NC,HICKORY,,,
4685880,Charter,KY,HAZARD,,,
JB0001334845,ATX,KS,Kansas City,,,
4755342,Charter,FL,ORLANDO,,,
4730401,Charter,MI,ESCANABA,,,
4574143,Charter,CO,FORT MORGAN,,,
4769376,Charter,LA,PEARL RIVER,,,
4754716,Charter,FL,TAMPA,,,
4630598,Charter,CO,FORT MORGAN,,,
4778212,Charter,OH,ZANESVILLE,,,
4628776,Charter,OH,WASHINGTON COURT HOUSE,,,
4669089,Charter,AL,GARDENDALE,,,
4515143,Charter,FL,POLK CITY,,,
4697173,Charter,VA,TAZEWELL,,,
4708870,Charter,MI,MONROE,,,
4574169,Charter,CO,FORT MORGAN,,,
4681016,Charter,TN,MANCHESTER,,,
4805388,Charter,MT,MISSOULA,,,
4625654,Charter,CO,FORT MORGAN,,,
4604388,Charter,NC,STATESVILLE,,,
4599918,Charter,ME,LEWISTON,,,
4757662,Charter,AL,STEVENSON,,,
4520694,Charter,AL,GUNTERSVILLE,,,
4755147,Charter,NC,WINSTON SALEM,,,
4766738,Charter,MI,SPARTA,,,
4693398,Charter,NC,GREENSBORO,,,
4237927,Charter,VA,GRUNDY,,,
4766773,Charter,MI,KINGSFORD,,,
3727838,Charter,WI,FLORENCE,,,
4608723,Charter,NC,CONCORD,,,
4765061,Charter,CA,BIG BEAR LAKE,,,
3913504,Charter,NC,APEX,,,
4585450,Charter,NC,GARNER,,,
3116746,Charter,TX,SAN ANTONIO,,,
4532759,Charter,TX,MARBLE FALLS,,,
4554902,Charter,NC,HOLLY SPRINGS,,,
4506868,Charter,CA,BEVERLY HILLS,,,
4750543,Charter,MI,BEAR LAKE,,,
3694944,Charter,TX,ARLINGTON,,,
4526599,Charter,OH,DAYTON,,,
4583927,Charter,CA,LOS ANGELES,,,
3489317,Charter,WI,GREENLEAF,,,
4733426,Charter,ME,PORTLAND,,,
4600615,Charter,NC,WINSTON SALEM,,,
4685593,Charter,NE,FALLS CITY,,,
4087950,Charter,CA,ANAHEIM,,,
4688039,Charter,NC,MATTHEWS,,,
4791085,Charter,SC,CONWAY,,,
4330293,Charter,SC,GAFFNEY,,,
4637423,Charter,OH,MIDDLETOWN,,,
4170061,Charter,NC,HIGH POINT,,,
4434483,Charter,TX,DALLAS,,,
4477692,Charter,NC,RALEIGH,,,
4723198,Charter,OH,CLEVELAND,,,
4685390,Charter,NC,WILSON,,,
3386701,Charter,NC,MONROE,,,
4577172,Charter,NY,FORT PLAIN,,,
4747800,Charter,NY,TUPPER LAKE,,,
4724792,Charter,NC,GASTONIA,,,
4465408,Charter,CA,PASADENA,,,
4651760,Charter,CA,CORONA,,,
JB0001281579,ATX,TN,Memphis,,,
4699574,Charter,FL,ALTAMONTE SPRINGS,,,
4708063,Charter,MT,BUTTE,,,
4597964,Charter,NC,FAYETTEVILLE,,,
4649112,Charter,NC,CHARLOTTE,,,
4762638,Charter,MO,BELTON,,,
3868639,Charter,NC,CHARLOTTE,,,
4756929,Charter,OH,MIDVALE,,,
4671964,Charter,FL,TITUSVILLE,,,
4680880,Charter,WI,BROOKFIELD,,,
4608497,Charter,OH,CENTERVILLE,,,
4714279,Charter,NY,CAMILLUS,,,
4716919,Charter,NY,ROCHESTER,,,
4753765,Charter,LA,FOLSOM,,,
4709626,Charter,TX,GREENVILLE,,,
4539472,Charter,FL,ORLANDO,,,
4571715,Charter,NC,KNIGHTDALE,,,
4555279,Charter,CA,SANTA ANA,,,
4598938,Charter,TX,RICHARDSON,,,
4638458,Charter,FL,SAINT PETERSBURG,,,
4525014,Charter,OH,YOUNGSTOWN,,,
3599688,Charter,TX,SAN ANTONIO,,,
4722536,Charter,MO,PALMYRA,,,
4701548,Charter,IN,INDIANAPOLIS,,,
4606208,Charter,AL,RUSSELLVILLE,,,
4648410,Charter,MO,HANNIBAL,,,
4592484,Charter,NC,RALEIGH,,,
4568810,Charter,VA,SUFFOLK,,,
4722736,Charter,IN,PRINCETON,,,
4580285,Charter,NC,WENDELL,,,
4526667,Charter,TX,NEW BRAUNFELS,,,
3673502,Charter,NY,ITHACA,,,
4708235,Charter,OH,PAINESVILLE,,,
4588417,Charter,FL,TAMPA,,,
4705425,Charter,MO,CHESTERFIELD,,,
4673934,Charter,OH,CANTON,,,
4744150,Charter,WI,CAMPBELLSPORT,,,
4708249,Charter,WI,BELOIT,,,
3479584,Charter,SC,LEXINGTON,,,
4576532,Charter,NC,RALEIGH,,,
4638130,Charter,NC,RALEIGH,,,
4658767,Charter,NY,NEW YORK,,,
4605647,Charter,ME,PORTLAND,,,
4722733,Charter,KY,HENDERSON,,,
4710756,Charter,OH,COLUMBUS,,,
4648960,Charter,NY,HIGHLAND,,,
4672819,Charter,NC,ASHEVILLE,,,
3723607,Charter,OH,PICKERINGTON,,,
3623565,Charter,TX,DALLAS,,,
4780652,Charter,TX,SILSBEE,,,
4088330,Charter,WA,ELLENSBURG,,,
4693597,Charter,OH,ZANESVILLE,,,
3983557,Charter,FL,ORLANDO,,,
4702651,Charter,NY,ASTORIA,,,
4532119,Charter,TX,DALLAS,,,
4716932,Charter,CA,CITY OF INDUSTRY,,,
3597502,Charter,TX,DALLAS,,,
4694666,Charter,TX,WESLACO,,,
4563762,Charter,CA,CYPRESS,,,
4743016,Charter,CA,MONROVIA,,,
3533127,Charter,WI,MADISON,,,
3935632,Charter,TX,ARLINGTON,,,
4670287,Charter,TX,LUMBERTON,,,
4700158,Charter,WI,NEENAH,,,
4734858,Charter,NC,CHARLOTTE,,,
3623654,Charter,TX,DALLAS,,,
4664073,Charter,NC,WAYNESVILLE,,,
4682814,Charter,TX,WEATHERFORD,,,
4725068,Charter,NY,SYRACUSE,,,
4640858,Charter,NY,NEW YORK,,,
4690980,Charter,KY,LOUISVILLE,,,
4588712,Charter,OH,MT STERLING,,,
4031407,Charter,CA,PERRIS,,,
4742705,Charter,MO,O FALLON,,,
4400969,Charter,TX,QUINLAN,,,
4601789,Charter,MO,LIBERTY,,,
3328031,Charter,PA,ERIE,,,
4030997,Charter,WI,SUAMICO,,,
4744864,Charter,OH,WARREN,,,
4758018,Charter,CO,MONTROSE,,,
4690961,Charter,OH,CUYAHOGA FALLS,,,
4572133,Charter,ID,POST FALLS,,,
4676388,Charter,MI,NOVI,,,
4741051,Charter,NV,RENO,,,
4775663,Charter,MO,CAMDENTON,,,
4646514,Charter,WI,WESTON,,,
4805608,Charter,MI,DRYDEN,,,
4791951,Charter,NY,NEW YORK,,,
4746087,Charter,OH,CANTON,,,
4773095,Charter,MI,MONROE,,,
4775790,Charter,OH,NORTH JACKSON,,,
4663855,Charter,MI,HOWELL,,,
4772533,Charter,MI,KALAMAZOO,,,
4139168,Charter,CA,REDDING,,,
4764611,Charter,OH,CANTON,,,
4758322,Charter,CA,ATASCADERO,,,
4785190,Charter,NY,BROOKLYN,,,
4780587,Charter,OH,MADISON,,,
4757823,Charter,MI,HOLLAND,,,
4766227,Charter,MO,LAKE OZARK,,,
4782730,Charter,NY,NEW YORK,,,
4804972,Charter,NY,NEW YORK,,,
3498485,Charter,MO,LAKE OZARK,,,
4748812,Charter,MO,SUNRISE BEACH,,,
4623816,Charter,TX,SPRING,,,
4806310,Charter,TX,ORANGE,,,
4696650,Charter,CA,REDDING,,,
4783466,Charter,WY,CHEYENNE,,,
4816469,Charter,TX,FORT HOOD,,,
4778036,Charter,NV,SPARKS,,,
4765992,Charter,MO,LAKE OZARK,,,
4668240,Charter,MI,NOVI,,,
4728256,Charter,MT,BOZEMAN,,,
4672736,Charter,MI,SAGINAW,,,
4816720,Charter,MI,GOWEN,,,
4738570,Charter,MI,FREELAND,,,
4633906,Charter,TX,SPRING,,,
4585813,Charter,NV,RENO,,,
4776985,Charter,OH,NEW PHILADELPHIA,,,
4766283,Charter,MT,KALISPELL,,,
4770780,Charter,NY,ASTORIA,,,
4700977,Charter,WY,CASPER,,,
4737653,Charter,CA,ANDERSON,,,
4749276,Charter,CA,MORGAN HILL,,,
4741145,Charter,CA,SOUTH LAKE TAHOE,,,
3556352,Charter,MI,KALAMAZOO,,,
4756325,Charter,TX,SILSBEE,,,
4761237,Charter,MI,HOUGHTON LAKE,,,
4780700,Charter,MI,MIDLAND,,,
4806030,Charter,OH,HIRAM,,,
4692449,Charter,WI,THORP,,,
4766103,Charter,MO,TROY,,,
4769555,Charter,MO,ELDON,,,
4797706,Charter,MI,FARMINGTON,,,
4727838,Charter,MI,BAY CITY,,,
4809836,Charter,TX,ELM MOTT,,,
4736872,Charter,TX,ELM MOTT,,,
JB0001053745,ATX,MI,Kansas City,,,
JB0001333132,ATX,MI,Kansas City,,,
JB0001226354,ATX,MI,Kansas City,,,
3428191,Charter,NC,CHARLOTTE,,,
4538272,Charter,FL,TAMPA,,,
4064848,Charter,OH,DAYTON,,,
4684067,Charter,FL,LAKELAND,,,
4819460,Charter,FL,NEW PORT RICHEY,,,
3423908,Charter,NC,CHARLOTTE,,,
4779362,Charter,FL,PARRISH,,,
3387687,Charter,NC,CHARLOTTE,,,
3428134,Charter,NC,CHARLOTTE,,,
4732982,Charter,FL,BRADENTON,,,
4711803,Charter,KY,MACKVILLE,,,
4797323,Charter,SC,YORK,,,
3428129,Charter,NC,MONROE,,,
3428137,Charter,NC,CHARLOTTE,,,
4265096,Charter,CA,SAN GABRIEL,,,
4651411,Charter,WI,WISCONSIN DELLS,,,
4768311,Charter,NC,WINSTON SALEM,,,
3418942,Charter,NC,CONCORD,,,
3487980,Charter,TX,AUSTIN,,,
4717801,Charter,CA,MORGAN HILL,,,
4606757,Charter,NC,PEMBROKE,,,
3388045,Charter,NC,GASTONIA,,,
3423907,Charter,NC,CHARLOTTE,,,
3388060,Charter,NC,CONCORD,,,
4598220,Charter,NY,ASTORIA,,,
3388010,Charter,NC,CHARLOTTE,,,
3428127,Charter,NC,MONROE,,,
4264644,Charter,CA,APPLE VALLEY,,,
3428103,Charter,NC,CHARLOTTE,,,
3418939,Charter,NC,HUNTERSVILLE,,,
4807590,Charter,TX,PLANO,,,
3388063,Charter,NC,CONCORD,,,
4720396,Charter,CA,LOS ANGELES,,,
3834170,Charter,IN,JEFFERSONVILLE,,,
4733226,Charter,TX,ROCKPORT,,,
3418941,Charter,NC,CONCORD,,,
4063139,Charter,CA,COMMERCE,,,
4555134,Charter,CA,NORTH HOLLYWOOD,,,
4402138,Charter,TX,FORT WORTH,,,
4554683,Charter,OH,CUYAHOGA FALLS,,,
4731865,Charter,KY,FLORENCE,,,
4617546,Charter,NE,COLUMBUS,,,
3222494,Charter,NC,CHARLOTTE,,,
4634083,Charter,FL,BRADENTON,,,
4737483,Charter,FL,WEBSTER,,,
3388057,Charter,NC,CONCORD,,,
3970262,Charter,CA,PICO RIVERA,,,
4332722,Charter,NY,HAINES FALLS,,,
3428148,Charter,NC,CHARLOTTE,,,
4041106,Charter,TN,LENOIR CITY,,,
3423917,Charter,NC,KANNAPOLIS,,,
4567036,Charter,IN,CORYDON,,,
3418937,Charter,NC,KANNAPOLIS,,,
3477059,Charter,CA,YUCAIPA,,,
4703279,Charter,TX,DALLAS,,,
4506493,Charter,TX,MCKINNEY,,,
3253796,Charter,NC,ASHEVILLE,,,
4373703,Charter,CA,CULVER CITY,,,
4063464,Charter,CA,COSTA MESA,,,
3541004,Charter,CA,VAN NUYS,,,
4637726,Charter,TX,ROCKWALL,,,
4697639,Charter,NC,MARION,,,
3732531,Charter,TX,IRVING,,,
4539684,Charter,CA,SANTA PAULA,,,
4516388,Charter,CA,LOS ANGELES,,,
4709307,Charter,MA,AUBURN,,,
4589215,Charter,NC,CHAPEL HILL,,,
4743231,Charter,FL,SAINT CLOUD,,,
3597536,Charter,TX,DALLAS,,,
JB0001263054,ATX,MI,Kansas City,,,
JB0001041755,ATX,MI,Kansas City,,,
4778421,Charter,FL,PARRISH,,,
4786028,Charter,FL,BROOKSVILLE,,,
4784688,Charter,NY,CAZENOVIA,,,
4793350,Charter,NY,WATERVILLE,,,
4705378,Charter,FL,CRYSTAL RIVER,,,
4787156,Charter,NY,SMYRNA,,,
4782889,Charter,OH,BEDFORD,,,
4764660,Charter,NY,EARLVILLE,,,
4728618,Charter,OH,PARMA,,,
4794130,Charter,NY,BROOKLYN,,,
4821563,Charter,MN,NORTHFIELD,,,
4766284,Charter,MO,PATTON,,,
4714528,Charter,MO,WENTZVILLE,,,
4751462,Charter,MO,SAINT LOUIS,,,
4678642,Charter,FL,CLEARWATER,,,
4687916,Charter,FL,LUTZ,,,
4761228,Charter,WI,BARABOO,,,
4713756,Charter,NY,GOSHEN,,,
4633275,Charter,FL,OLDSMAR,,,
4713997,Charter,NY,VAN HORNESVILLE,,,
4704902,Charter,NY,NEW HARTFORD,,,
4043393,Charter,NY,MARIETTA,,,
4733129,Charter,PA,LAKE CITY,,,
4679067,Charter,OH,DELPHOS,,,
3235483,Charter,NY,BUFFALO,,,
4740661,Charter,NY,WILLIAMSVILLE,,,
4588268,Charter,OH,INDEPENDENCE,,,
4710810,Charter,NY,ROCHESTER,,,
3884657,Charter,NY,ROCHESTER,,,
4572064,Charter,MI,LIVONIA,,,
4244573,Charter,OH,NEW CONCORD,,,
4731174,Charter,NY,SOUTH OZONE PARK,,,
3897141,Charter,OH,COLUMBUS,,,
4800792,Charter,NY,STATEN ISLAND,,,
4183151,Charter,TX,AUSTIN,,,
4571590,Charter,NY,STATEN ISLAND,,,
4203674,Charter,TX,UVALDE,,,
4762963,Charter,WV,CLARKSBURG,,,
4753326,Charter,IN,EVANSVILLE,,,
4719841,Charter,TX,MANCHACA,,,
4708232,Charter,OH,DAYTON,,,
4596871,Charter,OH,HILLIARD,,,
4644072,Charter,KY,LEXINGTON,,,
4732031,Charter,TX,EL PASO,,,
4756272,Charter,TX,EL PASO,,,
4694758,Charter,TX,KYLE,,,
4682425,Charter,TX,DEL RIO,,,
3937339,Charter,CA,WILDOMAR,,,
4414050,Charter,TX,WACO,,,
3649711,Charter,GA,COLUMBUS,,,
3664464,Charter,TX,DALLAS,,,
3664500,Charter,TX,DALLAS,,,
3740404,Charter,CA,TORRANCE,,,
3588816,Charter,CA,COACHELLA,,,
3929457,Charter,FL,ORMOND BEACH,,,
4815749,Charter,FL,TAMPA,,,
4717828,Charter,FL,SARASOTA,,,
4636830,Charter,FL,NEW SMYRNA BEACH,,,
4767691,Charter,MO,CLEVELAND,,,
4736056,Charter,OH,BRYAN,,,
4784449,Charter,NY,SYRACUSE,,,
4724315,Charter,FL,DADE CITY,,,
4800901,Charter,WI,WAUKESHA,,,
4819228,Charter,NY,BALDWINSVILLE,,,
4507010,Charter,WI,LADYSMITH,,,
4769994,Charter,MI,PORTAGE,,,
4805725,Charter,MI,KALAMAZOO,,,
4682390,Charter,NY,AU SABLE FORKS,,,
4792231,Charter,MI,BELDING,,,
4761047,Charter,OH,DEFIANCE,,,
4664265,Charter,OH,MAPLE HEIGHTS,,,
4658791,Charter,OH,WAUSEON,,,
4755673,Charter,MI,MIDLAND,,,
4598679,Charter,WI,APPLETON,,,
4803241,Charter,NY,BLOOMFIELD,,,
4796617,Charter,MT,BOZEMAN,,,
4715255,Charter,MT,GREAT FALLS,,,
4703416,Charter,MI,PRESQUE ISLE,,,
4715214,Charter,MT,GREAT FALLS,,,
4339617,Charter,OH,EUCLID,,,
4740062,Charter,NY,HAMBURG,,,
4718726,Charter,NY,ROCHESTER,,,
4762577,Charter,NY,MACHIAS,,,
4484818,Charter,OH,PAINESVILLE,,,
4696942,Charter,NY,ROCHESTER,,,
4618180,Charter,MT,BILLINGS,,,
4563289,Charter,MI,AUBURN,,,
4508641,Charter,MT,BILLINGS,,,
4516056,Charter,MT,DEER LODGE,,,
3758055,Charter,OR,HERMISTON,,,
3746054,Charter,NY,NEW YORK,,,
4764670,Charter,OH,JOHNSTOWN,,,
4798244,Charter,OH,DELAWARE,,,
4807307,Charter,OH,FOREST,,,
4830944,Charter,OH,NORWICH,,,
4826295,Charter,OH,HAMILTON,,,
4780743,Charter,KY,LONDON,,,
4566045,Charter,OH,HAMILTON,,,
4649229,Charter,KY,CORBIN,,,
4741815,Charter,TX,AUSTIN,,,
4742011,Charter,TX,DALE,,,
4163770,Charter,MT,WHITEFISH,,,
4682176,Charter,TX,MISSION,,,
4543927,Charter,TX,AUSTIN,,,
3808992,Charter,CA,TORRANCE,,,
4678204,Charter,CA,REDLANDS,,,
4647080,Charter,CA,YUCAIPA,,,
3218368,Charter,TX,PLANO,,,
3166580,Charter,CA,SAN DIEGO,,,
4705352,Charter,AL,DECATUR,,,
4357293,Charter,TX,DALLAS,,,
4155190,Charter,AL,RUSSELLVILLE,,,
JB0000841768,ATX,TN,Memphis,,,
JB0001099320,ATX,TN,Memphis,,,
JB0001327739,ATX,TN,Memphis,,,
JB0001328866,ATX,TN,Memphis,,,
JB0001336722,ATX,TN,Memphis,,,
JB0001351700,ATX,TN,Memphis,,,
JB0000841729,ATX,TN,Memphis,,,
JB0001093141,ATX,TN,Memphis,,,
JB0001099648,ATX,TN,Memphis,,,
JB0001105719,ATX,TN,Memphis,,,
JB0001203978,ATX,TN,Memphis,,,
JB0001302699,ATX,TN,Memphis,,,
JB0001358764,ATX,TN,Memphis,,,
JB0000841750,ATX,TN,Memphis,,,
JB0000842531,ATX,TN,Memphis,,,
JB0001092752,ATX,TN,Memphis,,,
JB0001101868,ATX,TN,Memphis,,,
JB0001346933,ATX,TN,Memphis,,,
JB0000817398,ATX,TN,Memphis,,,
JB0000835434,ATX,TN,Memphis,,,
JB0001092009,ATX,TN,Memphis,,,
JB0001105735,ATX,TN,Memphis,,,
JB0001267738,ATX,TN,Memphis,,,
JB0001373695,ATX,TN,Memphis,,,
JB0001088174,ATX,TN,Memphis,,,
JB0001092757,ATX,TN,Memphis,,,
JB0001092760,ATX,TN,Memphis,,,
JB0001244970,ATX,TN,Memphis,,,
JB0001328878,ATX,TN,Memphis,,,
JB0001053731,ATX,TN,Memphis,,,
JB0001093129,ATX,TN,Memphis,,,
JB0001186004,ATX,TN,Memphis,,,
JB0001232858,ATX,TN,Memphis,,,
JB0001302701,ATX,TN,Memphis,,,
JB0001310105,ATX,TN,Memphis,,,
JB0001007870,ATX,TN,Memphis,,,
JB0001092749,ATX,TN,Memphis,,,
JB0001248030,ATX,TN,Memphis,,,
JB0001286988,ATX,TN,Memphis,,,
JB0001310102,ATX,TN,Memphis,,,
JB0001365757,ATX,TN,Memphis,,,
JB0000835428,ATX,TN,Memphis,,,
JB0001092748,ATX,TN,Memphis,,,
JB0000862690,ATX,TN,Memphis,,,
JB0001007874,ATX,TN,Memphis,,,
JB0001053819,ATX,TN,Memphis,,,
JB0001312406,ATX,TN,Memphis,,,
JB0001282834,ATX,TN,Memphis,,,
JB0001335776,ATX,TN,Memphis,,,
JB0001314373,ATX,MO,Kansas City,,,
JB0001270065,ATX,MO,Kansas City,,,
JB0001263485,ATX,MO,Kansas City,,,
JB0001080989,ATX,MO,Kansas City,,,
JB0001080974,ATX,MO,Kansas City,,,
JB0001263019,ATX,MO,Kansas City,,,
JB0001222237,ATX,MO,Kansas City,,,
JB0001080065,ATX,MO,Kansas City,,,
JB0001210335,ATX,MO,Kansas City,,,
JB0001314373,ATX,MO,Kansas City,,,
JB0001270065,ATX,MO,Kansas City,,,
JB0001263485,ATX,MO,Kansas City,,,
JB0001311327,ATX,MO,Kansas City,,,
JB0001053774,ATX,MO,Kansas City,,,
JB0001298069,ATX,MO,Kansas City,,,
JB0001080974,ATX,MO,Kansas City,,,
JB0001222237,ATX,MO,Kansas City,,,
JB0001095585,ATX,MO,Kansas City,,,
JB0001080065,ATX,MO,Kansas City,,,
JB0001314379,ATX,MO,Kansas City,,,
JB0001193276,ATX,MO,Kansas City,,,
JB0001244969,ATX,TN,Memphis,,,
JB0001282834,ATX,TN,Memphis,,,
JB0001335745,ATX,TN,Memphis,,,
JB0000841557,ATX,TN,Memphis,,,
JB0000841245,ATX,TN,Memphis,,,
JB0001333098,ATX,MO,Kansas City,,,
JB0000841560,ATX,TN,Memphis,,,
JB0000842522,ATX,TN,Memphis,,,
JB0000861934,ATX,TN,Memphis,,,
JB0001088163,ATX,TN,Memphis,,,
JB0001452371,ATX,TN,Memphis,,,
JB0000861947,ATX,TN,Memphis,,,
JB0000842527,ATX,TN,Memphis,,,
JB0001333000,ATX,MO,Kansas City,,,
JB0001465288,ATX,MO,Kansas City,,,
JB0001333000,ATX,MO,Kansas City,,,
JB0001465288,ATX,MO,Kansas City,,,
JB0001263042,ATX,MO,Kansas City,,,
JB0001263426,ATX,MO,Kansas City,,,
JB0001333000,ATX,MO,Kansas City,,,
JB0001314373,ATX,MO,Kansas City,,,
JB0001270065,ATX,MO,Kansas City,,,
JB0001263485,ATX,MO,Kansas City,,,
JB0001210335,ATX,MO,Kansas City,,,
JB0001465288,ATX,MO,Kansas City,,,
JB0001263037,ATX,MO,Kansas City,,,
JB0001469453,ATX,MO,Kansas City,,,
JB0000842535,ATX,TN,Memphis,,,
JB0001469455,ATX,MO,Kansas City,,,
JB0001469453,ATX,MO,Kansas City,,,
JB0001469455,ATX,MO,Kansas City,,,
JB0000995430,ATX,MO,Kansas City,,,
JB0001469455,ATX,MO,Kansas City,,,
JB0001469453,ATX,MO,Kansas City,,,
JB0001465430,ATX,MO,Kansas City,,,
JB0001465430,ATX,MO,Kansas City,,,
JB0001465430,ATX,MO,Kansas City,,,
JB0001465309,ATX,MO,Kansas City,,,
JB0001465309,ATX,MO,Kansas City,,,
JB0001465309,ATX,MO,Kansas City,,,
JB0001277327,ATX,MO,Kansas City,,,
JB0001465405,ATX,MO,Kansas City,,,
JB0001465405,ATX,MO,Kansas City,,,
JB0001465405,ATX,MO,Kansas City,,,
JB0001465311,ATX,MO,Kansas City,,,
JB0001465311,ATX,MO,Kansas City,,,
JB0001465311,ATX,MO,Kansas City,,,
JB0001053748,ATX,MO,Kansas City,,,
JB0001061225,ATX,MO,Kansas City,,,
JB0001080985,ATX,MO,Kansas City,,,
JB0001053763,ATX,MO,Kansas City,,,
JB0001226369,ATX,MO,Kansas City,,,
JB0001263483,ATX,MO,Kansas City,,,
JB0001263483,ATX,MO,Kansas City,,,
JB0001263483,ATX,MO,Kansas City,,,
JB0001307590,ATX,MO,Kansas City,,,
JB0001465401,ATX,MO,Kansas City,,,
JB0001465401,ATX,MO,Kansas City,,,
JB0001465401,ATX,MO,Kansas City,,,
JB0000841270,ATX,TN,Memphis,,,
JB0001263488,ATX,MO,Kansas City,,,
JB0001053783,ATX,MO,Kansas City,,,
JB0000995441,ATX,MO,Kansas City,,,
JB0001210314,ATX,MO,Kansas City,,,
JB0001333592,ATX,MO,Kansas City,,,
JB0001263488,ATX,MO,Kansas City,,,
JB0001053783,ATX,MO,Kansas City,,,
JB0000995441,ATX,MO,Kansas City,,,
JB0001210314,ATX,MO,Kansas City,,,
JB0001226354,ATX,MO,Kansas City,,,
JB0001333592,ATX,MO,Kansas City,,,
JB0001263488,ATX,MO,Kansas City,,,
JB0001053783,ATX,MO,Kansas City,,,
JB0000995441,ATX,MO,Kansas City,,,
JB0001210314,ATX,MO,Kansas City,,,
JB0001333592,ATX,MO,Kansas City,,,
JB0001203709,ATX,TN,Memphis,,,
JB0000841293,ATX,TN,Memphis,,,
JB0001263439,ATX,MO,Kansas City,,,
JB0001469454,ATX,MO,Kansas City,,,
JB0000862729,ATX,TN,Memphis,,,
4625206,Charter,MO,INDEPENDENCE,,,
3016945,Charter,FL,PALM BAY,,,
4445673,Charter,FL,ORLANDO,,,
4784215,Charter,FL,DAVENPORT,,,
4413480,Charter,NC,BROWNS SUMMIT,,,
4687174,Charter,FL,DAYTONA BEACH,,,
4751262,Charter,FL,ORLANDO,,,
4004091,Charter,WI,MADISON,,,
4713969,Charter,FL,LAKELAND,,,
4700396,Charter,FL,MAITLAND,,,
4694044,Charter,MO,KANSAS CITY,,,
4700752,Charter,NE,SCOTTSBLUFF,,,
4168241,Charter,SC,MYRTLE BEACH,,,
2412917,Charter,OH,CUSTAR,,,
4609443,Charter,OH,AURORA,,,
3889195,Charter,NY,POTSDAM,,,
4746192,Charter,NC,ELKIN,,,
4641323,Charter,CO,PALISADE,,,
4586913,Charter,MT,HELENA,,,
4494396,Charter,MT,LIVINGSTON,,,
4398526,Charter,NC,BROWNS SUMMIT,,,
4783882,Charter,NY,AMHERST,,,
4539925,Charter,ID,COEUR D ALENE,,,
4517458,Charter,WA,PULLMAN,,,
4553478,Charter,NV,CARSON CITY,,,
4470310,Charter,NV,CARSON CITY,,,
4552921,Charter,NY,LONG ISLAND CITY,,,
4196709,Charter,NV,CARSON CITY,,,
3381699,Charter,NV,SILVER SPRINGS,,,
4769039,Charter,NC,CHARLOTTE,,,
4732025,Charter,NV,DAYTON,,,
4748474,Charter,NV,RENO,,,
4733150,Charter,MI,ZEELAND,,,
4751503,Charter,NV,CARSON CITY,,,
4743612,Charter,NV,SILVER SPRINGS,,,
4737046,Charter,NV,YERINGTON,,,
4751596,Charter,MI,CADILLAC,,,
4723584,Charter,NV,CARSON CITY,,,
4689635,Charter,NV,SILVER SPRINGS,,,
4711955,Charter,NV,CARSON CITY,,,
4702748,Charter,MI,BELLAIRE,,,
3909289,Charter,CO,GRAND JUNCTION,,,
4783123,Charter,WY,CHEYENNE,,,
3856193,Charter,MT,HELENA,,,
4739850,Charter,CO,GRAND JUNCTION,,,
4728435,Charter,CO,GRAND JUNCTION,,,
4698501,Charter,CO,GRAND JUNCTION,,,
4541649,Charter,OH,PLAIN CITY,,,
4619716,Charter,AL,DOUGLAS,,,
4626351,Charter,LA,HAMMOND,,,
4568715,Charter,AL,VERNON,,,
4568635,Charter,AL,VERNON,,,
4568702,Charter,AL,VERNON,,,
4592487,Charter,TX,MARBLE FALLS,,,
4783395,Charter,OH,URBANA,,,
3547852,Charter,AL,CENTRE,,,
3826866,Charter,TX,DEL VALLE,,,
4591709,Charter,TX,ALLEN,,,
4622351,Charter,TX,SOUTHLAKE,,,
4518989,Charter,CA,COMPTON,,,
4592418,Charter,TX,DENTON,,,
4774716,Charter,AL,VALLEY,,,
3664812,Charter,TX,DALLAS,,,
4589109,Charter,CA,LOS ANGELES,,,
4539745,Charter,CA,WOODLAND HILLS,,,
3740110,Charter,CA,SYLMAR,,,
4326001,Charter,TX,FRISCO,,,
3721542,Charter,AZ,SAN LUIS,,,
4011421,Charter,LA,INDEPENDENCE,,,
4599374,Charter,CA,MORENO VALLEY,,,
3881591,Charter,AL,DECATUR,,,
4056762,Charter,CA,WESTMINSTER,,,
4052574,Charter,CA,LYNWOOD,,,
4791378,Charter,TX,CARROLLTON,,,
4749825,Charter,TX,EDINBURG,,,
4693945,Charter,TX,CORPUS CHRISTI,,,
4804500,Charter,TX,PLANO,,,
4709088,Charter,CA,COMPTON,,,
4654545,Charter,CA,LOS ANGELES,,,
4815194,Charter,TX,PLANO,,,
4732932,Charter,TX,GREENVILLE,,,
4718248,Charter,TX,GREENVILLE,,,
4765737,Charter,CA,SANTA MONICA,,,
4708607,Charter,CA,LOS ANGELES,,,
4708096,Charter,TX,SOCORRO,,,
4708178,Charter,TX,EL PASO,,,
4776198,Charter,TX,HUTTO,,,
4702553,Charter,TX,LEWISVILLE,,,
4692025,Charter,TX,BURLESON,,,
4708175,Charter,TX,SOCORRO,,,
4684393,Charter,LA,FLUKER,,,
4807127,Charter,TX,LIBERTY HILL,,,
4718929,Charter,TX,SILSBEE,,,
4742262,Charter,TX,COPPERAS COVE,,,
4750236,Charter,TX,AUSTIN,,,
2687266,Charter,KY,BURLINGTON,,,
4781004,Charter,KY,BOWLING GREEN,,,
4724587,Charter,OH,COLUMBUS,,,
4130849,Charter,TX,GRAND PRAIRIE,,,
4570771,Charter,OH,GROVE CITY,,,
4800053,Charter,TX,ORANGE,,,
4745900,Charter,OH,DAYTON,,,
4737872,Charter,KY,BOWLING GREEN,,,
4502356,Charter,OH,DAYTON,,,
3091471,Charter,OH,CANAL WINCHESTER,,,
4821823,Charter,OH,DAYTON,,,
4655670,Charter,IN,MADISON,,,
3692410,Charter,TX,HURST,,,
4760806,Charter,OH,DAYTON,,,
4752225,Charter,OH,XENIA,,,
4757996,Charter,OH,DAYTON,,,
4752020,Charter,OH,DAYTON,,,
4618455,Charter,OH,COLUMBUS,,,
4280495,Charter,KY,LAWRENCEBURG,,,
4082528,Charter,TX,SAN ANTONIO,,,
4734909,Charter,OH,CANAL WINCHESTER,,,
4809280,Charter,WV,CLARKSBURG,,,
2123256,Charter,KY,GEORGETOWN,,,
4083065,Charter,KY,BOWLING GREEN,,,
3782297,Charter,NY,NEW YORK,,,
4784888,Charter,KY,BOWLING GREEN,,,
4208000,Charter,FL,WINTER GARDEN,,,
4790864,Charter,NC,MOUNT AIRY,,,
4796071,Charter,NC,TROUTMAN,,,
4760753,Charter,NC,CHARLOTTE,,,
3387409,Charter,NC,CHARLOTTE,,,
4760699,Charter,WY,RAWLINS,,,
4725475,Charter,WY,LARAMIE,,,
4650251,Charter,NC,DENVER,,,
3387587,Charter,NC,GASTONIA,,,
4781144,Charter,TX,ALAMO,,,
4301910,Charter,CA,VENTURA,,,
4645977,Charter,TX,LUMBERTON,,,
2525675,Charter,NC,PITTSBORO,,,
4776729,Charter,FL,COCOA,,,
4690847,Charter,FL,CLEARWATER,,,
4822503,Charter,OH,POWELL,,,
3387617,Charter,NC,CONCORD,,,
4263807,Charter,KY,SOMERSET,,,
4790047,Charter,KY,MAYFIELD,,,
4699827,Charter,KY,LOUISVILLE,,,
4698127,Charter,KY,BROOKS,,,
4640688,Charter,TX,DALLAS,,,
4302408,Charter,CA,SIMI VALLEY,,,
4721863,Charter,TX,BEAUMONT,,,
4773558,Charter,FL,ROCKLEDGE,,,
4789862,Charter,FL,PARRISH,,,
4768917,Charter,FL,HOMOSASSA,,,
4784828,Charter,NC,FRANKLINTON,,,
4822803,Charter,NC,GRAHAM,,,
3892863,Charter,NY,LAKE PLACID,,,
4737640,Charter,NC,CHARLOTTE,,,
4795561,Charter,CO,SALIDA,,,
4686289,Charter,NC,CHARLOTTE,,,
4748921,Charter,NV,DAYTON,,,
4797761,Charter,OH,ZANESVILLE,,,
3182243,Charter,NC,CONCORD,,,
4770509,Charter,OH,CINCINNATI,,,
4798383,Charter,TX,PHARR,,,
4615805,Charter,KY,WURTLAND,,,
4493772,Charter,IN,NEW ALBANY,,,
4161045,Charter,CA,LOS ANGELES,,,
4161042,Charter,CA,LOS ANGELES,,,
